sheet_id,kind,label,source_filename,crop_filename,year,method,instrument,crop_w,crop_h,frame_w,frame_h,frame_measured,cells,anchor,west,north,east,south,deg_per_px_x,deg_per_px_y,span_lon_arcmin,span_lat_arcmin
31-XXIV-q,single,KK 083-04-01/085-04-10_002 - 05978 - 001,000_KK 083-04-01-085-04-10_002 - 05978 - 001.jpg,31-XXIV-q.jpg,1932,terrestrial,theodoliet- en bergboussole,4338,4342,4330.2,4312.6,both,"-1,-1",cell,105.0574630,-1.9164780,105.1409465,-2.0003795,0.000019245,0.000019323,5.0090,5.0341
31-XXV-dh,composite,KK 083-04-01/085-04-10_003 - 05978 - 002,001_KK 083-04-01-085-04-10_003 - 05978 - 002.jpg,31-XXV-dh.jpg,1932-1933,aerial,luchtfoto,4356,4504,4340.1,4497.6,both,"-1,0;-1,1",top,105.0574612,-1.9998269,105.1410998,-2.0866633,0.000019201,0.000019280,5.0183,5.2102
32-XXIII-m,single,KK 083-04-01/085-04-10_004 - 05978 - 003,002_KK 083-04-01-085-04-10_004 - 05978 - 003.jpg,32-XXIII-m.jpg,1932,aerial,luchtfoto,4352,4340,4345.5,4324.3,both,"3,-6",cell,105.3907773,-1.4996499,105.4742353,-1.5832855,0.000019177,0.000019271,5.0075,5.0181
32-XXIII-p,single,KK 083-04-01/085-04-10_005 - 05978 - 004,003_KK 083-04-01-085-04-10_005 - 05978 - 004.jpg,32-XXIII-p.jpg,1934,aerial,luchtfoto,4358,4340,4350.7,4327.8,both,"2,-5",cell,105.3074306,-1.5830989,105.3909038,-1.6666668,0.000019154,0.000019255,5.0084,5.0141
32-XXIII-q,single,KK 083-04-01/085-04-10_006 - 05978 - 005,004_KK 083-04-01-085-04-10_006 - 05978 - 005.jpg,32-XXIII-q.jpg,1932-1934,aerial,luchtfoto,4354,4324,4342.5,4320.1,both,"3,-5",cell,105.3907984,-1.5832027,105.4743524,-1.6666112,0.000019190,0.000019290,5.0132,5.0045
32-XXIV-c,single,KK 083-04-01/085-04-10_007 - 05978 - 006,005_KK 083-04-01-085-04-10_007 - 05978 - 006.jpg,32-XXIV-c.jpg,1934,aerial,luchtfoto,4360,4328,4353.3,4323.6,both,"2,-4",cell,105.3074613,-1.6665303,105.3909229,-1.7499482,0.000019143,0.000019274,5.0077,5.0051
32-XXIV-d,single,KK 083-04-01/085-04-10_008 - 05978 - 007,006_KK 083-04-01-085-04-10_008 - 05978 - 007.jpg,32-XXIV-d.jpg,1934,aerial,luchtfoto,4348,4324,4337.7,4317.7,both,"3,-4",cell,105.3908041,-1.6664762,105.4743353,-1.7499311,0.000019211,0.000019300,5.0119,5.0073
32-XXIV-g,single,KK 083-04-01/085-04-10_009 - 05978 - 008,007_KK 083-04-01-085-04-10_009 - 05978 - 008.jpg,32-XXIV-g.jpg,1933,aerial,luchtfoto,4356,4332,4340.9,4323.2,both,"2,-3",cell,105.3074439,-1.7497980,105.3910671,-1.8333010,0.000019197,0.000019276,5.0174,5.0102
32-XXIV-h,single,KK 083-04-01/085-04-10_010 - 05978 - 009,008_KK 083-04-01-085-04-10_010 - 05978 - 009.jpg,32-XXIV-h.jpg,1933,aerial,luchtfoto,4352,4338,4341.9,4323.7,both,"3,-3",cell,105.3907274,-1.7496574,105.4742545,-1.8332663,0.000019193,0.000019274,5.0116,5.0165
32-XXIV-k,single,KK 083-04-01/085-04-10_011 - 05978 - 010,009_KK 083-04-01-085-04-10_011 - 05978 - 010.jpg,32-XXIV-k.jpg,1932,aerial,luchtfoto,4360,4342,4345.9,4324.0,both,"1,-2",cell,105.2240071,-1.8329717,105.3076108,-1.9166516,0.000019175,0.000019272,5.0162,5.0208
32-XXIV-l,single,KK 083-04-01/085-04-10_012 - 05978 - 011,010_KK 083-04-01-085-04-10_012 - 05978 - 011.jpg,32-XXIV-l.jpg,1932-1933,aerial,luchtfoto,4356,4330,4347.4,4321.5,both,"2,-2",cell,105.3073980,-1.8331238,105.3908962,-1.9166207,0.000019169,0.000019283,5.0099,5.0098
32-XXIV-m,single,KK 083-04-01/085-04-10_013 - 05978 - 012,011_KK 083-04-01-085-04-10_013 - 05978 - 012.jpg,32-XXIV-m.jpg,1934,aerial,luchtfoto,4352,4336,4346.1,4324.7,both,"3,-2",cell,105.3908042,-1.8330564,105.4742506,-1.9166073,0.000019174,0.000019269,5.0068,5.0131
32-XXIV-ni,composite,KK 083-04-01/085-04-10_014 - 05978 - 013,012_KK 083-04-01-085-04-10_014 - 05978 - 013.jpg,32-XXIV-ni.jpg,1932-1933,aerial,luchtfoto,4356,4922,4340.6,4913.1,both,"0,-1;0,-2",bottom,105.1408022,-1.9051392,105.2244312,-2.0000236,0.000019199,0.000019278,5.0177,5.6931
32-XXIV-o,single,KK 083-04-01/085-04-10_015 - 05978 - 014,013_KK 083-04-01-085-04-10_015 - 05978 - 014.jpg,32-XXIV-o.jpg,1932-1933,aerial,luchtfoto,4344,4336,4336.0,4321.1,height,"1,-1",cell,105.2240106,-1.9163816,105.3074977,-2.0000025,0.000019219,0.000019285,5.0092,5.0173
32-XXIV-p,single,KK 083-04-01/085-04-10_016 - 05978 - 015,014_KK 083-04-01-085-04-10_016 - 05978 - 015.jpg,32-XXIV-p.jpg,1933,aerial,luchtfoto,4348,4338,4340.3,4323.5,both,"2,-1",cell,105.3074266,-1.9164358,105.3909078,-2.0000487,0.000019200,0.000019275,5.0089,5.0168
32-XXIV-q,single,KK 083-04-01/085-04-10_017 - 05978 - 016,015_KK 083-04-01-085-04-10_017 - 05978 - 016.jpg,32-XXIV-q.jpg,1934,aerial,luchtfoto,4348,4338,4332.4,4323.9,both,"3,-1",cell,105.3905983,-1.9163912,105.4742317,-1.9999968,0.000019235,0.000019273,5.0180,5.0163
32-XXV-a,single,KK 083-04-01/085-04-10_018 - 05978 - 017,016_KK 083-04-01-085-04-10_018 - 05978 - 017.jpg,32-XXV-a.jpg,1933,aerial,luchtfoto,4356,4328,4340.3,4322.0,both,"0,0",cell,105.1407523,-1.9998404,105.2243871,-2.0832894,0.000019200,0.000019281,5.0181,5.0069
32-XXV-b,single,KK 083-04-01/085-04-10_019 - 05978 - 018,017_KK 083-04-01-085-04-10_019 - 05978 - 018.jpg,32-XXV-b.jpg,1932-1933,aerial,luchtfoto,4364,4328,4339.9,4314.6,both,"1,0",cell,105.2239723,-1.9996978,105.3077684,-2.0832895,0.000019202,0.000019314,5.0278,5.0155
32-XXV-c,single,KK 083-04-01/085-04-10_020 - 05978 - 019,018_KK 083-04-01-085-04-10_020 - 05978 - 019.jpg,32-XXV-c.jpg,1933,aerial,luchtfoto,4356,4334,4344.6,4326.3,both,"2,0",cell,105.3073941,-1.9998039,105.3909461,-2.0832855,0.000019181,0.000019262,5.0131,5.0089
32-XXV-d,single,KK 083-04-01/085-04-10_021 - 05978 - 020,019_KK 083-04-01-085-04-10_021 - 05978 - 020.jpg,32-XXV-d.jpg,1932-1933,aerial,luchtfoto,4364,4342,4359.1,4326.7,both,"3,0",cell,105.3907851,-1.9996986,105.4742121,-2.0833256,0.000019117,0.000019260,5.0056,5.0176
32-XXV-f,single,KK 083-04-01/085-04-10_022 - 05978 - 021,020_KK 083-04-01-085-04-10_022 - 05978 - 021.jpg,32-XXV-f.jpg,1933,aerial,luchtfoto,4354,4332,4340.7,4325.9,both,"1,1",cell,105.2240549,-2.0831584,105.3076436,-2.1666093,0.000019198,0.000019264,5.0153,5.0071
32-XXV-g,single,KK 083-04-01/085-04-10_023 - 05978 - 022,021_KK 083-04-01-085-04-10_023 - 05978 - 022.jpg,32-XXV-g.jpg,1933,aerial,luchtfoto,4354,4334,4342.1,4320.8,both,"2,1",cell,105.3073844,-2.0831063,105.3909462,-2.1666941,0.000019192,0.000019287,5.0137,5.0153
32-XXV-h,single,KK 083-04-01/085-04-10_024 - 05978 - 023,022_KK 083-04-01-085-04-10_024 - 05978 - 023.jpg,32-XXV-h.jpg,1932-1933,aerial,luchtfoto,4356,4326,4348.0,4321.7,both,"3,1",cell,105.3907620,-2.0831681,105.4742487,-2.1665842,0.000019166,0.000019282,5.0092,5.0050
33-XXIII-i,single,KK 083-04-01/085-04-10_025 - 05978 - 024,023_KK 083-04-01-085-04-10_025 - 05978 - 024.jpg,33-XXIII-i.jpg,1932-1933,aerial,luchtfoto,4352,4326,4342.6,4320.0,both,"4,-6",cell,105.4741413,-1.4998501,105.5576550,-1.5832990,0.000019190,0.000019290,5.0108,5.0069
33-XXIII-k,single,KK 083-04-01/085-04-10_026 - 05978 - 025,024_KK 083-04-01-085-04-10_026 - 05978 - 025.jpg,33-XXIII-k.jpg,1932-1933,aerial,luchtfoto,4356,4324,4340.4,4319.1,both,"5,-6",cell,105.5573095,-1.4998366,105.6409424,-1.5832644,0.000019199,0.000019294,5.0180,5.0057
33-XXIII-l,single,KK 083-04-01/085-04-10_027 - 05978 - 026,025_KK 083-04-01-085-04-10_027 - 05978 - 026.jpg,33-XXIII-l.jpg,1932-1933,aerial,luchtfoto,4342,4326,4332.6,4316.1,width,"6,-6",cell,105.6408021,-1.4996878,105.7243163,-1.5832123,0.000019234,0.000019308,5.0108,5.0115
33-XXIII-m,single,KK 083-04-01/085-04-10_028 - 05978 - 027,026_KK 083-04-01-085-04-10_028 - 05978 - 027.jpg,33-XXIII-m.jpg,1931-1933,aerial,luchtfoto,4344,4322,4337.1,4316.0,height,"7,-6",cell,105.7241643,-1.4998038,105.8076302,-1.5832528,0.000019214,0.000019308,5.0080,5.0069
33-XXIII-n,single,KK 083-04-01/085-04-10_029 - 05978 - 028,027_KK 083-04-01-085-04-10_029 - 05978 - 028.jpg,33-XXIII-n.jpg,1932-1933,aerial,luchtfoto,4352,4324,4344.1,4311.9,both,"4,-5",cell,105.4741183,-1.5830621,105.5576032,-1.6666285,0.000019183,0.000019326,5.0091,5.0140
33-XXIII-o,single,KK 083-04-01/085-04-10_030 - 05978 - 029,028_KK 083-04-01-085-04-10_030 - 05978 - 029.jpg,33-XXIII-o.jpg,1932-1933,aerial,luchtfoto,4350,4326,4340.9,4320.2,both,"5,-5",cell,105.5574458,-1.5831834,105.6409539,-1.6666286,0.000019197,0.000019289,5.0105,5.0067
33-XXIII-p,single,KK 083-04-01/085-04-10_031 - 05978 - 030,029_KK 083-04-01-085-04-10_031 - 05978 - 030.jpg,33-XXIII-p.jpg,1932-1933,aerial,luchtfoto,4354,4326,4343.5,4322.1,both,"6,-5",cell,105.6407830,-1.5831950,105.7243178,-1.6666035,0.000019186,0.000019281,5.0121,5.0045
33-XXIII-q,single,KK 083-04-01/085-04-10_032 - 05978 - 031,030_KK 083-04-01-085-04-10_032 - 05978 - 031.jpg,33-XXIII-q.jpg,1932-1933,aerial,luchtfoto,4352,4342,4344.0,4326.3,both,"7,-5",cell,105.7240876,-1.5830910,105.8075744,-1.6667267,0.000019184,0.000019262,5.0092,5.0181
33-XXIV-a,single,KK 083-04-01/085-04-10_033 - 05978 - 032,031_KK 083-04-01-085-04-10_033 - 05978 - 032.jpg,33-XXIV-a.jpg,1933-1934,aerial,luchtfoto,4356,4340,4345.0,4325.5,both,"4,-4",cell,105.4740588,-1.6664436,105.5576032,-1.7500562,0.000019179,0.000019266,5.0127,5.0168
33-XXIV-b,single,KK 083-04-01/085-04-10_034 - 05978 - 033,032_KK 083-04-01-085-04-10_034 - 05978 - 033.jpg,33-XXIV-b.jpg,1933-1934,aerial,luchtfoto,4358,4336,4346.0,4327.3,both,"5,-4",cell,105.5574229,-1.6664706,105.6409863,-1.7499714,0.000019175,0.000019258,5.0138,5.0101
33-XXIV-c,single,KK 083-04-01/085-04-10_035 - 05978 - 034,033_KK 083-04-01-085-04-10_035 - 05978 - 034.jpg,33-XXIV-c.jpg,1933,aerial,luchtfoto,4348,4340,4343.1,4326.4,both,"6,-4",cell,105.6408156,-1.6663414,105.7242430,-1.7499368,0.000019188,0.000019262,5.0056,5.0157
33-XXIV-d,single,KK 083-04-01/085-04-10_036 - 05978 - 035,034_KK 083-04-01-085-04-10_036 - 05978 - 035.jpg,33-XXIV-d.jpg,1934,aerial,luchtfoto,4358,4336,4348.2,4325.7,both,"7,-4",cell,105.7241068,-1.6664341,105.8076280,-1.7499656,0.000019165,0.000019265,5.0113,5.0119
33-XXIV-e,single,KK 083-04-01/085-04-10_037 - 05978 - 036,035_KK 083-04-01-085-04-10_037 - 05978 - 036.jpg,33-XXIV-e.jpg,1933-1934,aerial,luchtfoto,4356,4332,4342.7,4324.7,both,"4,-3",cell,105.4739782,-1.7498039,105.5575667,-1.8332778,0.000019189,0.000019269,5.0153,5.0084
33-XXIV-f,single,KK 083-04-01/085-04-10_038 - 05978 - 037,036_KK 083-04-01-085-04-10_038 - 05978 - 037.jpg,33-XXIV-f.jpg,1933-1934,aerial,luchtfoto,4350,4338,4344.2,4322.2,both,"5,-3",cell,105.5574804,-1.7496440,105.6409250,-1.8332817,0.000019183,0.000019280,5.0067,5.0183
33-XXIV-g,single,KK 083-04-01/085-04-10_039 - 05978 - 038,037_KK 083-04-01-085-04-10_039 - 05978 - 038.jpg,33-XXIV-g.jpg,1933-1934,aerial,luchtfoto,4342,4334,4334.8,4320.4,both,"6,-3",cell,105.6407829,-1.7497169,105.7242547,-1.8333127,0.000019224,0.000019288,5.0083,5.0158
33-XXIV-h,single,KK 083-04-01/085-04-10_040 - 05978 - 039,038_KK 083-04-01-085-04-10_040 - 05978 - 039.jpg,33-XXIV-h.jpg,1934,aerial,luchtfoto,4346,4332,4341.1,4324.8,both,"7,-3",cell,105.7241317,-1.7498058,105.8075591,-1.8332779,0.000019196,0.000019269,5.0056,5.0083
33-XXIV-i,single,KK 083-04-01/085-04-10_041 - 05978 - 040,039_KK 083-04-01-085-04-10_041 - 05978 - 040.jpg,33-XXIV-i.jpg,1934,aerial,luchtfoto,4364,4338,4347.0,4323.4,both,"4,-2",cell,105.4740646,-1.8330853,105.5577239,-1.9166997,0.000019170,0.000019275,5.0196,5.0169
33-XXIV-k,single,KK 083-04-01/085-04-10_042 - 05978 - 041,040_KK 083-04-01-085-04-10_042 - 05978 - 041.jpg,33-XXIV-k.jpg,1934,aerial,luchtfoto,4346,4336,4338.8,4323.7,height,"5,-2",cell,105.5574977,-1.8330928,105.6409693,-1.9166633,0.000019207,0.000019274,5.0083,5.0142
33-XXIV-l,single,KK 083-04-01/085-04-10_043 - 05978 - 042,041_KK 083-04-01-085-04-10_043 - 05978 - 042.jpg,33-XXIV-l.jpg,1934,aerial,luchtfoto,4348,4334,4332.7,4321.7,both,"6,-2",cell,105.6406079,-1.8331351,105.7242355,-1.9167060,0.000019234,0.000019283,5.0177,5.0143
33-XXIV-m,single,KK 083-04-01/085-04-10_044 - 05978 - 043,042_KK 083-04-01-085-04-10_044 - 05978 - 043.jpg,33-XXIV-m.jpg,1934,aerial,luchtfoto,4358,4334,4341.7,4324.8,height,"7,-2",cell,105.7241643,-1.8331006,105.8078105,-1.9166112,0.000019194,0.000019269,5.0188,5.0106
33-XXIV-n,single,KK 083-04-01/085-04-10_045 - 05978 - 044,043_KK 083-04-01-085-04-10_045 - 05978 - 044.jpg,33-XXIV-n.jpg,1934,aerial,luchtfoto,4338,4328,4328.1,4322.8,both,"4,-1",cell,105.4741355,-1.9165205,105.5576594,-1.9999544,0.000019254,0.000019278,5.0114,5.0060
33-XXIV-o,single,KK 083-04-01/085-04-10_046 - 05978 - 045,044_KK 083-04-01-085-04-10_046 - 05978 - 045.jpg,33-XXIV-o.jpg,1934,aerial,luchtfoto,4358,4336,4348.1,4320.6,height,"5,-1",cell,105.5574977,-1.9163128,105.6410207,-1.9999425,0.000019165,0.000019287,5.0114,5.0178
33-XXIV-p,single,KK 083-04-01/085-04-10_047 - 05978 - 046,045_KK 083-04-01-085-04-10_047 - 05978 - 046.jpg,33-XXIV-p.jpg,1934,aerial,luchtfoto,4354,4338,4344.6,4321.1,both,"6,-1",cell,105.6408022,-1.9163126,105.7243159,-1.9999714,0.000019181,0.000019285,5.0108,5.0195
33-XXIV-q,single,KK 083-04-01/085-04-10_048 - 05978 - 047,046_KK 083-04-01-085-04-10_048 - 05978 - 047.jpg,33-XXIV-q.jpg,1934,aerial,luchtfoto,4342,4332,4335.7,4321.8,height,"7,-1",cell,105.7241643,-1.9165032,105.8076188,-2.0000334,0.000019220,0.000019282,5.0073,5.0118
33-XXV-ae,composite,KK 083-04-01/085-04-10_049 - 05978 - 048,047_KK 083-04-01-085-04-10_049 - 05978 - 048.jpg,33-XXV-ae.jpg,1932-1933,aerial,luchtfoto,4348,5268,4335.7,5248.7,both,"4,0;4,1",top,105.4741374,-1.9996281,105.5577072,-2.1012973,0.000019220,0.000019299,5.0142,6.1002
33-XXV-b,single,KK 083-04-01/085-04-10_050 - 05978 - 049,048_KK 083-04-01-085-04-10_050 - 05978 - 049.jpg,33-XXV-b.jpg,1929-1930,terrestrial,bergboussole,4356,4328,4338.5,4322.3,both,"5,0",cell,105.5572749,-1.9998559,105.6409443,-2.0832991,0.000019208,0.000019280,5.0202,5.0066
33-XXV-c,single,KK 083-04-01/085-04-10_051 - 05978 - 050,049_KK 083-04-01-085-04-10_051 - 05978 - 050.jpg,33-XXV-c.jpg,1929-1930,terrestrial,theodoliet- en bergboussole,4350,4330,4340.7,4318.4,both,"6,0",cell,105.6407273,-1.9997229,105.7242392,-2.0832798,0.000019198,0.000019297,5.0107,5.0134
33-XXV-d,single,KK 083-04-01/085-04-10_052 - 05978 - 051,050_KK 083-04-01-085-04-10_052 - 05978 - 051.jpg,33-XXV-d.jpg,1929-1930,terrestrial,theodoliet- en bergboussole,4348,4324,4334.1,4318.4,width,"7,0",cell,105.7241297,-1.9997709,105.8077303,-2.0832123,0.000019227,0.000019297,5.0160,5.0065
33-XXV-f,single,KK 083-04-01/085-04-10_053 - 05978 - 052,051_KK 083-04-01-085-04-10_053 - 05978 - 052.jpg,33-XXV-f.jpg,1928,terrestrial,theodoliet boussole en boussole tranche montagne,4340,4344,4330.4,4325.9,both,"5,1",cell,105.5574592,-2.0829785,105.6409773,-2.1666616,0.000019244,0.000019264,5.0111,5.0210
33-XXV-g,single,KK 083-04-01/085-04-10_054 - 05978 - 053,052_KK 083-04-01-085-04-10_054 - 05978 - 053.jpg,33-XXV-g.jpg,1928,terrestrial,theodoliet boussole en boussole tranche montagne,4342,4332,4333.5,4323.4,both,"6,1",cell,105.6407522,-2.0831583,105.7242489,-2.1666577,0.000019230,0.000019275,5.0098,5.0100
33-XXV-h,single,KK 083-04-01/085-04-10_055 - 05978 - 054,053_KK 083-04-01-085-04-10_055 - 05978 - 054.jpg,33-XXV-h.jpg,1928,terrestrial,boussole tranche montagne,4336,4332,4330.0,4325.0,both,"7,1",cell,105.7241239,-2.0831466,105.8075727,-2.1666152,0.000019246,0.000019268,5.0069,5.0081
33-XXV-m,single,KK 083-04-01/085-04-10_056 - 05978 - 055,054_KK 083-04-01-085-04-10_056 - 05978 - 055.jpg,33-XXV-m.jpg,1928,terrestrial,boussole tranche montagne,4338,4334,4325.1,4318.6,both,"7,2",cell,105.7240102,-2.1663232,105.8075921,-2.2499545,0.000019267,0.000019297,5.0149,5.0179
33-XXV-q,single,KK 083-04-01/085-04-10_057 - 05978 - 056,055_KK 083-04-01-085-04-10_057 - 05978 - 056.jpg,33-XXV-q.jpg,1928,terrestrial,boussole tranche montagne,4344,4324,4329.9,4315.8,both,"7,3",cell,105.7240873,-2.2498655,105.8076921,-2.3333573,0.000019246,0.000019309,5.0163,5.0095
33-XXVI-d,irregular,KK 083-04-01/085-04-10_058 - 05978 - 057,056_KK 083-04-01-085-04-10_058 - 05978 - 057.jpg,33-XXVI-d.jpg,1931,terrestrial,bergboussole,4352,4662,4337.6,4649.8,both,"7,4",top,105.7240510,-2.3330445,105.8076610,-2.4229789,0.000019212,0.000019291,5.0166,5.3961
34-XXIII-ie,composite,KK 083-04-01/085-04-10_059 - 05978 - 058,057_KK 083-04-01-085-04-10_059 - 05978 - 058.jpg,34-XXIII-ie.jpg,1931-1933,aerial,luchtfoto,4348,4812,4341.6,4792.8,both,"8,-6;8,-7",bottom,105.8074670,-1.4906298,105.8909231,-1.5833723,0.000019194,0.000019273,5.0074,5.5646
34-XXIII-k,single,KK 083-04-01/085-04-10_060 - 05978 - 059,058_KK 083-04-01-085-04-10_060 - 05978 - 059.jpg,34-XXIII-k.jpg,1932-1933,aerial,luchtfoto,4352,4338,4343.9,4325.2,height,"9,-6",cell,105.8906756,-1.4997210,105.9741643,-1.5833009,0.000019184,0.000019267,5.0093,5.0148
34-XXIII-l,single,KK 083-04-01/085-04-10_061 - 05978 - 060,059_KK 083-04-01-085-04-10_061 - 05978 - 060.jpg,34-XXIII-l.jpg,1931-1933,aerial,luchtfoto,4350,4334,4342.7,4327.1,both,"10,-6",cell,105.9741183,-1.4998270,106.0575917,-1.5832933,0.000019189,0.000019258,5.0084,5.0080
34-XXIII-n,single,KK 083-04-01/085-04-10_062 - 05978 - 061,060_KK 083-04-01-085-04-10_062 - 05978 - 061.jpg,34-XXIII-n.jpg,1933,aerial,luchtfoto,4358,4340,4347.5,4327.1,both,"8,-5",cell,105.8073903,-1.5831238,105.8909249,-1.6667054,0.000019168,0.000019258,5.0121,5.0149
34-XXIII-o,single,KK 083-04-01/085-04-10_063 - 05978 - 062,061_KK 083-04-01-085-04-10_063 - 05978 - 062.jpg,34-XXIII-o.jpg,1931-1933,aerial,luchtfoto,4350,4334,4342.4,4325.6,both,"9,-5",cell,105.8907677,-1.5831545,105.9742469,-1.6666497,0.000019191,0.000019265,5.0088,5.0097
34-XXIII-p,single,KK 083-04-01/085-04-10_064 - 05978 - 063,062_KK 083-04-01-085-04-10_064 - 05978 - 063.jpg,34-XXIII-p.jpg,1932-1933,aerial,luchtfoto,4360,4326,4342.4,4314.0,both,"10,-5",cell,105.9740857,-1.5831333,106.0577567,-1.6666979,0.000019191,0.000019317,5.0203,5.0139
34-XXIV-a,single,KK 083-04-01/085-04-10_065 - 05978 - 064,063_KK 083-04-01-085-04-10_065 - 05978 - 064.jpg,34-XXIV-a.jpg,1934,aerial,luchtfoto,4352,4338,4343.6,4320.7,both,"8,-4",cell,105.8074459,-1.6664821,105.8909404,-1.7501487,0.000019185,0.000019287,5.0097,5.0200
34-XXIV-b,single,KK 083-04-01/085-04-10_066 - 05978 - 065,064_KK 083-04-01-085-04-10_066 - 05978 - 065.jpg,34-XXIV-b.jpg,1934,aerial,luchtfoto,4342,4338,4338.5,4324.6,both,"9,-4",cell,105.8908137,-1.6663470,105.9742143,-1.7499388,0.000019208,0.000019270,5.0040,5.0155
34-XXIV-cd,composite,KK 083-04-01/085-04-10_067 - 05978 - 066,065_KK 083-04-01-085-04-10_067 - 05978 - 066.jpg,34-XXIV-cd.jpg,1932,terrestrial,theodoliet- en bergboussole,6406,4322,6394.9,4302.6,both,"10,-4;11,-4",left,105.9740563,-1.6663113,106.0976199,-1.7500204,0.000019289,0.000019368,7.4138,5.0225
34-XXIV-e,single,KK 083-04-01/085-04-10_068 - 05978 - 067,066_KK 083-04-01-085-04-10_068 - 05978 - 067.jpg,34-XXIV-e.jpg,1932,terrestrial,theodoliet- en bergboussole,4348,4340,4337.9,4321.2,both,"8,-3",cell,105.8074669,-1.7497093,105.8909943,-1.8334052,0.000019211,0.000019285,5.0116,5.0218
34-XXIV-f,single,KK 083-04-01/085-04-10_069 - 05978 - 068,067_KK 083-04-01-085-04-10_069 - 05978 - 068.jpg,34-XXIV-f.jpg,1932,terrestrial,theodoliet- en bergboussole,4342,4332,4338.8,4321.0,height,"9,-3",cell,105.8907695,-1.7498327,105.9741643,-1.8333782,0.000019207,0.000019286,5.0037,5.0127
34-XXIV-g,single,KK 083-04-01/085-04-10_070 - 05978 - 069,068_KK 083-04-01-085-04-10_070 - 05978 - 069.jpg,34-XXIV-g.jpg,1931-1933,terrestrial,theodoliet- en bergboussole,4352,4330,4343.8,4322.9,both,"10,-3",cell,105.9741106,-1.7498308,106.0576013,-1.8333009,0.000019184,0.000019277,5.0094,5.0082
34-XXIV-h,single,KK 083-04-01/085-04-10_071 - 05978 - 070,069_KK 083-04-01-085-04-10_071 - 05978 - 070.jpg,34-XXIV-h.jpg,1932,terrestrial,theodoliet- en bergboussole,4342,4328,4336.1,4318.9,both,"11,-3",cell,106.0574612,-1.7497671,106.1409079,-1.8332760,0.000019218,0.000019295,5.0068,5.0105
34-XXIV-i,single,KK 083-04-01/085-04-10_072 - 05978 - 071,070_KK 083-04-01-085-04-10_072 - 05978 - 071.jpg,34-XXIV-i.jpg,1931-1932,terrestrial,theodoliet- en bergboussole,4350,4330,4345.2,4322.7,both,"8,-2",cell,105.8074727,-1.8331680,105.8908981,-1.9166420,0.000019178,0.000019278,5.0055,5.0084
34-XXIV-k,single,KK 083-04-01/085-04-10_073 - 05978 - 072,071_KK 083-04-01-085-04-10_073 - 05978 - 072.jpg,34-XXIV-k.jpg,1931-1932,terrestrial,theodoliet- en bergboussole,4352,4330,4347.9,4320.1,both,"9,-2",cell,105.8908233,-1.8331700,105.9742352,-1.9166939,0.000019166,0.000019290,5.0047,5.0114
34-XXIV-l,single,KK 083-04-01/085-04-10_074 - 05978 - 073,072_KK 083-04-01-085-04-10_074 - 05978 - 073.jpg,34-XXIV-l.jpg,1931,terrestrial,theodoliet- en bergboussole,4328,4320,4313.4,4310.0,both,"10,-2",cell,105.9741296,-1.8331406,106.0577450,-1.9166679,0.000019320,0.000019335,5.0169,5.0116
34-XXIV-m,single,KK 083-04-01/085-04-10_075 - 05978 - 074,073_KK 083-04-01-085-04-10_075 - 05978 - 074.jpg,34-XXIV-m.jpg,1931,terrestrial,theodoliet- en bergboussole,4342,4330,4335.1,4318.8,both,"11,-2",cell,106.0574419,-1.8331872,106.1409079,-1.9167368,0.000019223,0.000019296,5.0080,5.0130
34-XXIV-n,single,KK 083-04-01/085-04-10_076 - 05978 - 075,074_KK 083-04-01-085-04-10_076 - 05978 - 075.jpg,34-XXIV-n.jpg,1932,terrestrial,theodoliet- en bergboussole,4360,4332,4341.9,4320.3,both,"8,-1",cell,105.8073863,-1.9164474,105.8910671,-2.0000062,0.000019193,0.000019289,5.0208,5.0135
34-XXIV-o,single,KK 083-04-01/085-04-10_077 - 05978 - 076,075_KK 083-04-01-085-04-10_077 - 05978 - 076.jpg,34-XXIV-o.jpg,1931,terrestrial,theodoliet- en bergboussole,4340,4340,4334.4,4320.5,both,"9,-1",cell,105.8908022,-1.9163700,105.9742432,-2.0000798,0.000019226,0.000019288,5.0065,5.0226
34-XXIV-p,single,KK 083-04-01/085-04-10_078 - 05978 - 077,076_KK 083-04-01-085-04-10_078 - 05978 - 077.jpg,34-XXIV-p.jpg,1930-1931,terrestrial,theodoliet- en bergboussole,4358,4336,4338.0,4319.6,both,"10,-1",cell,105.9739684,-1.9163489,106.0576859,-1.9999986,0.000019210,0.000019292,5.0231,5.0190
34-XXIV-q,single,KK 083-04-01/085-04-10_079 - 05978 - 078,077_KK 083-04-01-085-04-10_079 - 05978 - 078.jpg,34-XXIV-q.jpg,1930-1931,terrestrial,theodoliet- en bergboussole,4344,4330,4305.5,4322.5,both,"11,-1",cell,106.0573351,-1.9164932,106.1414136,-1.9999723,0.000019355,0.000019279,5.0447,5.0087
34-XXV-a,single,KK 083-04-01/085-04-10_080 - 05978 - 079,078_KK 083-04-01-085-04-10_080 - 05978 - 079.jpg,34-XXV-a.jpg,1929-1930,terrestrial,theodoliet- en bergboussole,4356,4332,4341.8,4324.0,both,"8,0",cell,105.8073556,-1.9998385,105.8909615,-2.0833260,0.000019193,0.000019272,5.0164,5.0093
34-XXV-b,single,KK 083-04-01/085-04-10_081 - 05978 - 080,079_KK 083-04-01-085-04-10_081 - 05978 - 080.jpg,34-XXV-b.jpg,1928-1930,terrestrial,theodoliet- en bergboussole,4354,4340,4343.7,4325.2,both,"9,0",cell,105.8907869,-1.9997114,105.9743178,-2.0833298,0.000019185,0.000019267,5.0119,5.0171
34-XXV-c,single,KK 083-04-01/085-04-10_082 - 05978 - 081,080_KK 083-04-01-085-04-10_082 - 05978 - 081.jpg,34-XXV-c.jpg,1930-1931,terrestrial,theodoliet- en bergboussole,4354,4330,4347.9,4325.4,width,"10,0",cell,105.9741356,-1.9998790,106.0575858,-2.0833009,0.000019166,0.000019266,5.0070,5.0053
34-XXV-d,single,KK 083-04-01/085-04-10_083 - 05978 - 082,081_KK 083-04-01-085-04-10_083 - 05978 - 082.jpg,34-XXV-d.jpg,1930,terrestrial,theodoliet- en bergboussole,4354,4326,4343.8,4321.3,height,"11,0",cell,106.0573020,-1.9998520,106.1408310,-2.0832759,0.000019184,0.000019284,5.0117,5.0054
34-XXV-e,single,KK 083-04-01/085-04-10_084 - 05978 - 083,082_KK 083-04-01-085-04-10_084 - 05978 - 083.jpg,34-XXV-e.jpg,1928-1929,terrestrial,theodoliet- en bergboussole,4356,4326,4349.5,4314.4,both,"8,1",cell,105.8074383,-2.0831084,105.8908961,-2.1666649,0.000019159,0.000019315,5.0075,5.0134
34-XXV-f,single,KK 083-04-01/085-04-10_085 - 05978 - 084,083_KK 083-04-01-085-04-10_085 - 05978 - 084.jpg,34-XXV-f.jpg,1928-1929,terrestrial,theodoliet- en bergboussole,4362,4318,4358.4,4312.0,both,"9,1",cell,105.8908272,-2.0831663,105.9742293,-2.1666148,0.000019120,0.000019326,5.0041,5.0069
34-XXV-g,single,KK 083-04-01/085-04-10_086 - 05978 - 085,084_KK 083-04-01-085-04-10_086 - 05978 - 085.jpg,34-XXV-g.jpg,1928-1929,terrestrial,theodoliet- en bergboussole,4348,4340,4337.8,4327.2,both,"10,1",cell,105.9741259,-2.0830329,106.0576552,-2.1666132,0.000019211,0.000019258,5.0118,5.0148
34-XXV-h,single,KK 083-04-01/085-04-10_087 - 05978 - 086,085_KK 083-04-01-085-04-10_087 - 05978 - 086.jpg,34-XXV-h.jpg,1928-1929,terrestrial,theodoliet- en bergboussole,4352,4334,4346.9,4313.4,both,"11,1",cell,106.0574804,-2.0829101,106.1409115,-2.1666400,0.000019171,0.000019319,5.0059,5.0238
34-XXV-i,single,KK 083-04-01/085-04-10_088 - 05978 - 087,086_KK 083-04-01-085-04-10_088 - 05978 - 087.jpg,34-XXV-i.jpg,1928-1929,terrestrial,theodoliet- en bergboussole,4338,4338,4334.3,4326.7,both,"8,2",cell,105.8074938,-2.1664318,105.8908983,-2.2499833,0.000019226,0.000019260,5.0043,5.0131
34-XXV-k,single,KK 083-04-01/085-04-10_089 - 05978 - 088,087_KK 083-04-01-085-04-10_089 - 05978 - 088.jpg,34-XXV-k.jpg,1929-1930,terrestrial,bergboussole,4358,4320,4348.5,4313.4,both,"9,2",cell,105.8908099,-2.1665110,105.9743253,-2.2499714,0.000019164,0.000019320,5.0109,5.0076
34-XXV-l,single,KK 083-04-01/085-04-10_090 - 05978 - 089,088_KK 083-04-01-085-04-10_090 - 05978 - 089.jpg,34-XXV-l.jpg,1928-1929,terrestrial,bergboussole,4356,4326,4339.8,4318.1,both,"10,2",cell,105.9740126,-2.1665090,106.0576570,-2.2499947,0.000019202,0.000019299,5.0187,5.0091
34-XXV-m,single,KK 083-04-01/085-04-10_091 - 05978 - 090,089_KK 083-04-01-085-04-10_091 - 05978 - 090.jpg,34-XXV-m.jpg,1928-1929,terrestrial,theodoliet- en bergboussole,4346,4344,4334.2,4328.0,height,"11,2",cell,106.0574977,-2.1663449,106.1410579,-2.2499871,0.000019227,0.000019255,5.0136,5.0185
34-XXV-n,single,KK 083-04-01/085-04-10_092 - 05978 - 091,090_KK 083-04-01-085-04-10_092 - 05978 - 091.jpg,34-XXV-n.jpg,1930-1931,terrestrial,bergboussole,4348,4344,4340.5,4327.1,both,"8,3",cell,105.8074247,-2.2497460,105.8909020,-2.3334051,0.000019199,0.000019259,5.0086,5.0195
34-XXV-o,single,KK 083-04-01/085-04-10_093 - 05978 - 092,091_KK 083-04-01-085-04-10_093 - 05978 - 092.jpg,34-XXV-o.jpg,1930-1931,terrestrial,bergboussole,4362,4334,4351.0,4325.3,both,"9,3",cell,105.8907831,-2.2498502,105.9743271,-2.3333508,0.000019153,0.000019266,5.0126,5.0100
34-XXV-p,single,KK 083-04-01/085-04-10_094 - 05978 - 093,092_KK 083-04-01-085-04-10_094 - 05978 - 093.jpg,34-XXV-p.jpg,1929-1930,terrestrial,theodoliet- en bergboussole,4354,4326,4348.5,4316.6,both,"10,3",cell,105.9741471,-2.2498424,106.0575858,-2.3333567,0.000019164,0.000019305,5.0063,5.0109
34-XXV-q,single,KK 083-04-01/085-04-10_095 - 05978 - 094,093_KK 083-04-01-085-04-10_095 - 05978 - 094.jpg,34-XXV-q.jpg,1928-1929,terrestrial,theodoliet- en bergboussole,4352,4306,4345.7,4303.5,width,"11,3",cell,106.0574631,-2.2498309,106.1409173,-2.3332123,0.000019176,0.000019364,5.0072,5.0029
34-XXVI-a,single,KK 083-04-01/085-04-10_096 - 05978 - 095,094_KK 083-04-01-085-04-10_096 - 05978 - 095.jpg,34-XXVI-a.jpg,1931,terrestrial,bergboussole,4342,4322,4332.5,4315.9,both,"8,4",cell,105.8074611,-2.3331409,105.8909772,-2.4165920,0.000019234,0.000019308,5.0110,5.0071
34-XXVI-b,single,KK 083-04-01/085-04-10_097 - 05978 - 096,095_KK 083-04-01-085-04-10_097 - 05978 - 096.jpg,34-XXVI-b.jpg,1930-1931,terrestrial,bergboussole,4346,4336,4335.0,4324.1,both,"9,4",cell,105.8907426,-2.3331313,105.9742874,-2.4166943,0.000019223,0.000019272,5.0127,5.0138
34-XXVI-c,single,KK 083-04-01/085-04-10_098 - 05978 - 097,096_KK 083-04-01-085-04-10_098 - 05978 - 097.jpg,34-XXVI-c.jpg,1929-1930,terrestrial,theodoliet- en bergboussole,4354,4334,4345.6,4326.2,none,"10,4",cell,105.9741643,-2.3330621,106.0576587,-2.4165457,0.000019176,0.000019262,5.0097,5.0090
34-XXVI-d,single,KK 083-04-01/085-04-10_099 - 05978 - 098,097_KK 083-04-01-085-04-10_099 - 05978 - 098.jpg,34-XXVI-d.jpg,1929-1931,terrestrial,theodoliet- en bergboussole,4354,4334,4347.9,4326.8,both,"11,4",cell,106.0574843,-2.3331565,106.1409345,-2.4166284,0.000019166,0.000019260,5.0070,5.0083
34-XXVI-e,single,KK 083-04-01/085-04-10_100 - 05978 - 099,098_KK 083-04-01-085-04-10_100 - 05978 - 099.jpg,34-XXVI-e.jpg,1931,terrestrial,bergboussole,4344,4336,4333.6,4323.9,both,"8,5",cell,105.8073919,-2.4164009,105.8909252,-2.4999678,0.000019230,0.000019273,5.0120,5.0140
34-XXVI-f,single,KK 083-04-01/085-04-10_101 - 05978 - 100,099_KK 083-04-01-085-04-10_101 - 05978 - 100.jpg,34-XXVI-f.jpg,1931,terrestrial,bergboussole,4344,4334,4337.7,4324.0,both,"9,5",cell,105.8907868,-2.4164338,105.9742412,-2.4999600,0.000019211,0.000019272,5.0073,5.0116
34-XXVI-g,single,KK 083-04-01/085-04-10_102 - 05978 - 101,100_KK 083-04-01-085-04-10_102 - 05978 - 101.jpg,34-XXVI-g.jpg,1930-1931,terrestrial,bergboussole,4368,4346,4346.1,4326.0,both,"10,5",cell,105.9739649,-2.4163146,106.0577182,-2.5000330,0.000019174,0.000019263,5.0252,5.0231
34-XXVI-h,single,KK 083-04-01/085-04-10_103 - 05978 - 102,101_KK 083-04-01-085-04-10_103 - 05978 - 102.jpg,34-XXVI-h.jpg,1931-1932,terrestrial,theodoliet- en bergboussole,4350,4334,4342.0,4326.7,both,"11,5",cell,106.0574267,-2.4165148,106.1409135,-2.4999888,0.000019192,0.000019260,5.0092,5.0084
34-XXVI-k,single,KK 083-04-01/085-04-10_104 - 05978 - 103,102_KK 083-04-01-085-04-10_104 - 05978 - 103.jpg,34-XXVI-k.jpg,1931,terrestrial,theodoliet- en bergboussole,4350,4334,4350.0,4202.0,height,"9,6",cell,105.8908310,-2.4998425,105.9741643,-2.5857149,0.000019157,0.000019814,5.0000,5.1523
34-XXVI-l,single,KK 083-04-01/085-04-10_105 - 05978 - 104,103_KK 083-04-01-085-04-10_105 - 05978 - 104.jpg,34-XXVI-l.jpg,1931-1932,terrestrial,theodoliet- en bergboussole,4360,4336,4340.3,4321.7,both,"10,6",cell,105.9740146,-2.4997942,106.0577261,-2.5834032,0.000019200,0.000019283,5.0227,5.0165
34-XXVI-m,single,KK 083-04-01/085-04-10_106 - 05978 - 105,104_KK 083-04-01-085-04-10_106 - 05978 - 105.jpg,34-XXVI-m.jpg,1931,terrestrial,theodoliet- en bergboussole,4350,4336,4335.3,4323.2,both,"11,6",cell,106.0572901,-2.4998172,106.1409060,-2.5833976,0.000019222,0.000019276,5.0170,5.0148
34-XXVI-on,composite,KK 083-04-01/085-04-10_107 - 05978 - 106,105_KK 083-04-01-085-04-10_107 - 05978 - 106.jpg,34-XXVI-on.jpg,1932,terrestrial,theodoliet- en bergboussole,4756,4338,4748.2,4322.7,both,"9,7;8,7",right,105.8829766,-2.5829791,105.9742872,-2.6666074,0.000019199,0.000019278,5.4786,5.0177
34-XXVI-p,single,KK 083-04-01/085-04-10_108 - 05978 - 107,106_KK 083-04-01-085-04-10_108 - 05978 - 107.jpg,34-XXVI-p.jpg,1932,terrestrial,theodoliet- en bergboussole,4342,4336,4338.0,4328.0,both,"10,7",cell,105.9741605,-2.5831660,106.0575707,-2.6666537,0.000019210,0.000019255,5.0046,5.0093
34-XXVI-q,single,KK 083-04-01/085-04-10_109 - 05978 - 108,107_KK 083-04-01-085-04-10_109 - 05978 - 108.jpg,34-XXVI-q.jpg,1931-1932,terrestrial,theodoliet- en bergboussole,4350,4330,4338.7,4320.9,both,"11,7",cell,106.0573517,-2.5830928,106.1409021,-2.6666016,0.000019207,0.000019286,5.0130,5.0105
34-XXVII-b,single,KK 083-04-01/085-04-10_110 - 05978 - 109,108_KK 083-04-01-085-04-10_110 - 05978 - 109.jpg,34-XXVII-b.jpg,1934-1935,terrestrial,bergboussole,4340,4328,4332.7,4323.4,both,"9,8",cell,105.8908041,-2.6665148,105.9742778,-2.7499369,0.000019234,0.000019275,5.0084,5.0053
34-XXVII-c,single,KK 083-04-01/085-04-10_111 - 05978 - 110,109_KK 083-04-01-085-04-10_111 - 05978 - 110.jpg,34-XXVII-c.jpg,1934-1935,terrestrial,bergboussole,4330,4324,4326.1,4317.8,both,"10,8",cell,105.9741586,-2.6665109,106.0575670,-2.7499641,0.000019263,0.000019300,5.0045,5.0072
34-XXVII-d,single,KK 083-04-01/085-04-10_112 - 05978 - 111,110_KK 083-04-01-085-04-10_112 - 05978 - 111.jpg,34-XXVII-d.jpg,1934-1935,terrestrial,bergboussole,4350,4334,4343.8,4325.3,height,"11,8",cell,106.0573787,-2.6664628,106.1408310,-2.7499638,0.000019184,0.000019266,5.0071,5.0101
34-XXVII-f,single,KK 083-04-01/085-04-10_113 - 05978 - 112,111_KK 083-04-01-085-04-10_113 - 05978 - 112.jpg,34-XXVII-f.jpg,1934-1935,terrestrial,bergboussole,4346,4332,4337.9,4325.9,both,"9,9",cell,105.8907676,-2.7498520,105.9742565,-2.8333030,0.000019211,0.000019264,5.0093,5.0071
34-XXVII-g,irregular,KK 083-04-01/085-04-10_114 - 05978 - 113,112_KK 083-04-01-085-04-10_114 - 05978 - 113.jpg,34-XXVII-g.jpg,1934-1935,terrestrial,bergboussole,4338,4524,4331.2,4513.2,both,"10,9",top,105.9741105,-2.7497631,106.0575746,-2.8371643,0.000019240,0.000019319,5.0079,5.2441
34-XXVII-h,single,KK 083-04-01/085-04-10_115 - 05978 - 114,113_KK 083-04-01-085-04-10_115 - 05978 - 114.jpg,34-XXVII-h.jpg,1933-1934,terrestrial,theodoliet- en bergboussole,4360,4344,4352.9,4329.3,both,"11,9",cell,106.0574632,-2.7498502,106.1409325,-2.8334661,0.000019144,0.000019249,5.0082,5.0170
34-XXVII-m,single,KK 083-04-01/085-04-10_116 - 05978 - 115,114_KK 083-04-01-085-04-10_116 - 05978 - 115.jpg,34-XXVII-m.jpg,1933-1934,terrestrial,theodoliet- en bergboussole,4354,4344,4340.6,4330.8,both,"11,10",cell,106.0574631,-2.8330678,106.1410537,-2.9166555,0.000019199,0.000019242,5.0154,5.0153
35-XXIV-i,single,KK 083-04-01/085-04-10_117 - 05978 - 116,115_KK 083-04-01-085-04-10_117 - 05978 - 116.jpg,35-XXIV-i.jpg,1931,terrestrial,bergboussole,4346,4342,4341.1,4323.0,both,"12,-2",cell,106.1408022,-1.8329521,106.2242296,-1.9166517,0.000019196,0.000019277,5.0056,5.0220
35-XXIV-n,single,KK 083-04-01/085-04-10_118 - 05978 - 117,116_KK 083-04-01-085-04-10_118 - 05978 - 117.jpg,35-XXIV-n.jpg,1931,aerial,bergboussole,4348,4328,4286.8,4323.3,both,"12,-1",cell,106.1398163,-1.9165164,106.2243393,-1.9999415,0.000019440,0.000019276,5.0714,5.0055
35-XXV-a,single,KK 083-04-01/085-04-10_119 - 05978 - 118,117_KK 083-04-01-085-04-10_119 - 05978 - 118.jpg,35-XXV-a.jpg,1930,terrestrial,bergboussole,4358,4330,4344.2,4324.8,both,"12,0",cell,106.1407946,-1.9998597,106.2243926,-2.0832932,0.000019183,0.000019269,5.0159,5.0060
35-XXV-e,single,KK 083-04-01/085-04-10_120 - 05978 - 119,118_KK 083-04-01-085-04-10_120 - 05978 - 119.jpg,35-XXV-e.jpg,1927-1928,terrestrial,theodoliet- en bergboussole,4336,4330,4330.1,4322.3,both,"12,1",cell,106.1408060,-2.0831718,106.2242529,-2.1666539,0.000019245,0.000019280,5.0068,5.0089
35-XXV-i,single,KK 083-04-01/085-04-10_121 - 05978 - 120,119_KK 083-04-01-085-04-10_121 - 05978 - 120.jpg,35-XXV-i.jpg,1927-1928,terrestrial,theodoliet boussole en boussole tranche montagne,4342,4336,4334.9,4323.1,both,"12,2",cell,106.1407618,-2.1663623,106.2242316,-2.2499446,0.000019224,0.000019276,5.0082,5.0149
35-XXV-n,single,KK 083-04-01/085-04-10_122 - 05978 - 121,120_KK 083-04-01-085-04-10_122 - 05978 - 121.jpg,35-XXV-n.jpg,1928-1929,terrestrial,theodoliet- en bergboussole,4352,4334,4332.3,4322.7,both,"12,3",cell,106.1405194,-2.2497612,106.2242317,-2.3333128,0.000019235,0.000019278,5.0227,5.0131
35-XXV-o,single,KK 083-04-01/085-04-10_123 - 05978 - 122,121_KK 083-04-01-085-04-10_123 - 05978 - 122.jpg,35-XXV-o.jpg,1927-1928,terrestrial,theodoliet boussole en boussole tranche montagne,4358,4324,4332.0,4319.2,both,"13,3",cell,106.2238565,-2.2498481,106.3076900,-2.3332741,0.000019237,0.000019294,5.0300,5.0056
35-XXVI-a,single,KK 083-04-01/085-04-10_124 - 05978 - 123,122_KK 083-04-01-085-04-10_124 - 05978 - 123.jpg,35-XXVI-a.jpg,1930-1931,terrestrial,bergboussole,4346,4334,4335.8,4322.6,both,"12,4",cell,106.1407887,-2.3330560,106.2243181,-2.4166094,0.000019220,0.000019279,5.0118,5.0132
35-XXVI-b,single,KK 083-04-01/085-04-10_125 - 05978 - 124,123_KK 083-04-01-085-04-10_125 - 05978 - 124.jpg,35-XXVI-b.jpg,1930,terrestrial,theodoliet- en bergboussole,4352,4334,4344.8,4326.0,both,"13,4",cell,106.2241336,-2.3331411,106.3076051,-2.4166285,0.000019180,0.000019263,5.0083,5.0092
35-XXVI-e,single,KK 083-04-01/085-04-10_126 - 05978 - 125,124_KK 083-04-01-085-04-10_126 - 05978 - 125.jpg,35-XXVI-e.jpg,1931,terrestrial,bergboussole,4352,4330,4336.3,4320.1,width,"12,5",cell,106.1408003,-2.4165457,106.2244353,-2.5000700,0.000019218,0.000019290,5.0181,5.0115
35-XXVI-f,single,KK 083-04-01/085-04-10_127 - 05978 - 126,125_KK 083-04-01-085-04-10_127 - 05978 - 126.jpg,35-XXVI-f.jpg,1930-1931,terrestrial,theodoliet- en bergboussole,4354,4344,4342.1,4326.0,both,"13,5",cell,106.2239993,-2.4164204,106.3075610,-2.5001006,0.000019192,0.000019263,5.0137,5.0208
35-XXVI-g,single,KK 083-04-01/085-04-10_128 - 05978 - 127,126_KK 083-04-01-085-04-10_128 - 05978 - 127.jpg,35-XXVI-g.jpg,1930-1931,terrestrial,theodoliet- en bergboussole,4330,4352,4326.6,4329.3,both,"14,5",cell,106.3074784,-2.4164664,106.3908772,-2.5002387,0.000019261,0.000019249,5.0039,5.0263
35-XXVI-h,single,KK 083-04-01/085-04-10_129 - 05978 - 128,127_KK 083-04-01-085-04-10_129 - 05978 - 128.jpg,35-XXVI-h.jpg,1930-1931,terrestrial,theodoliet- en bergboussole,4354,4330,4339.3,4321.3,both,"15,5",cell,106.3906313,-2.4165283,106.4742469,-2.5000294,0.000019204,0.000019284,5.0169,5.0101
35-XXVI-i,single,KK 083-04-01/085-04-10_130 - 05978 - 129,128_KK 083-04-01-085-04-10_130 - 05978 - 129.jpg,35-XXVI-i.jpg,1931-1932,terrestrial,bergboussole,4356,4340,4339.6,4324.8,both,"12,6",cell,106.1406236,-2.4997749,106.2242719,-2.5834013,0.000019203,0.000019269,5.0189,5.0176
35-XXVI-k,single,KK 083-04-01/085-04-10_131 - 05978 - 130,129_KK 083-04-01-085-04-10_131 - 05978 - 130.jpg,35-XXVI-k.jpg,1931-1932,terrestrial,theodoliet- en bergboussole,4346,4344,4325.9,4320.2,both,"13,6",cell,106.2238985,-2.4996082,106.3076190,-2.5834019,0.000019264,0.000019290,5.0232,5.0276
35-XXVI-l,single,KK 083-04-01/085-04-10_132 - 05978 - 131,130_KK 083-04-01-085-04-10_132 - 05978 - 131.jpg,35-XXVI-l.jpg,1931-1932,terrestrial,theodoliet- en bergboussole,4348,4330,4342.1,4318.6,both,"14,6",cell,106.3074478,-2.4998520,106.3908943,-2.5834050,0.000019192,0.000019296,5.0068,5.0132
35-XXVI-m,single,KK 083-04-01/085-04-10_133 - 05978 - 132,131_KK 083-04-01-085-04-10_133 - 05978 - 132.jpg,35-XXVI-m.jpg,1931-1932,terrestrial,theodoliet- en bergboussole,4344,4338,4340.2,4326.9,both,"15,6",cell,106.3908156,-2.4997980,106.4742219,-2.5833454,0.000019200,0.000019259,5.0044,5.0128
35-XXVI-n,single,KK 083-04-01/085-04-10_134 - 05978 - 133,132_KK 083-04-01-085-04-10_134 - 05978 - 133.jpg,35-XXVI-n.jpg,1931,terrestrial,theodoliet- en bergboussole,4354,4342,4339.6,4324.2,both,"12,7",cell,106.1407542,-2.5830619,106.2243640,-2.6667385,0.000019203,0.000019271,5.0166,5.0206
35-XXVI-o,single,KK 083-04-01/085-04-10_135 - 05978 - 134,133_KK 083-04-01-085-04-10_135 - 05978 - 134.jpg,35-XXVI-o.jpg,1931-1932,terrestrial,theodoliet- en bergboussole,4356,4328,4343.8,4322.3,both,"13,7",cell,106.2240799,-2.5831834,106.3076473,-2.6666266,0.000019184,0.000019280,5.0140,5.0066
35-XXVI-p,single,KK 083-04-01/085-04-10_136 - 05978 - 135,134_KK 083-04-01-085-04-10_136 - 05978 - 135.jpg,35-XXVI-p.jpg,1932,terrestrial,theodoliet- en bergboussole,4342,4334,4335.3,4324.3,both,"14,7",cell,106.3074458,-2.5831120,106.3909079,-2.6666325,0.000019222,0.000019271,5.0077,5.0112
35-XXVI-q,single,KK 083-04-01/085-04-10_137 - 05978 - 136,135_KK 083-04-01-085-04-10_137 - 05978 - 136.jpg,35-XXVI-q.jpg,1933,terrestrial,bergboussole,4352,4328,4339.7,4323.8,both,"15,7",cell,106.3906851,-2.5831892,106.4742546,-2.6666035,0.000019203,0.000019273,5.0142,5.0049
35-XXVII-a,single,KK 083-04-01/085-04-10_138 - 05978 - 137,136_KK 083-04-01-085-04-10_138 - 05978 - 137.jpg,35-XXVII-a.jpg,1934-1935,terrestrial,bergboussole,4346,4322,4339.3,4318.3,width,"12,8",cell,106.1407945,-2.6665457,106.2242565,-2.7499503,0.000019204,0.000019298,5.0077,5.0043
35-XXVII-b,single,KK 083-04-01/085-04-10_139 - 05978 - 138,137_KK 083-04-01-085-04-10_139 - 05978 - 138.jpg,35-XXVII-b.jpg,1934,terrestrial,bergboussole,4338,4330,4333.4,4330.0,width,"13,8",cell,106.2241451,-2.6665457,106.3075669,-2.7498790,0.000019230,0.000019246,5.0053,5.0000
35-XXVII-c,single,KK 083-04-01/085-04-10_140 - 05978 - 139,138_KK 083-04-01-085-04-10_140 - 05978 - 139.jpg,35-XXVII-c.jpg,1931-1934,terrestrial,theodoliet- en bergboussole,4342,4338,4329.9,4324.0,both,"14,8",cell,106.3073379,-2.6664626,106.3909041,-2.7500665,0.000019246,0.000019272,5.0140,5.0162
35-XXVII-d,single,KK 083-04-01/085-04-10_141 - 05978 - 140,139_KK 083-04-01-085-04-10_141 - 05978 - 140.jpg,35-XXVII-d.jpg,1931-1933,terrestrial,theodoliet- en bergboussole,4348,4330,4341.1,4320.7,both,"15,8",cell,106.3907849,-2.6664397,106.4742507,-2.7499522,0.000019196,0.000019287,5.0079,5.0108
35-XXVII-e,single,KK 083-04-01/085-04-10_142 - 05978 - 141,140_KK 083-04-01-085-04-10_142 - 05978 - 141.jpg,35-XXVII-e.jpg,1933-1934,terrestrial,theodoliet- en bergboussole,4346,4330,4337.8,4325.2,both,"12,9",cell,106.1407695,-2.7498520,106.2242604,-2.8332779,0.000019211,0.000019267,5.0095,5.0056
35-XXVII-f,single,KK 083-04-01/085-04-10_143 - 05978 - 142,141_KK 083-04-01-085-04-10_143 - 05978 - 142.jpg,35-XXVII-f.jpg,1934,terrestrial,bergboussole,4350,4340,4340.4,4331.2,both,"13,9",cell,106.2240971,-2.7498096,106.3076148,-2.8333126,0.000019199,0.000019240,5.0111,5.0102
35-XXVII-g,single,KK 083-04-01/085-04-10_144 - 05978 - 143,142_KK 083-04-01-085-04-10_144 - 05978 - 143.jpg,35-XXVII-g.jpg,1934,terrestrial,bergboussole,4338,4350,4331.2,4323.3,both,"14,9",cell,106.3074630,-2.7495622,106.3909272,-2.8334113,0.000019240,0.000019276,5.0079,5.0309
35-XXVII-h,single,KK 083-04-01/085-04-10_145 - 05978 - 144,143_KK 083-04-01-085-04-10_145 - 05978 - 144.jpg,35-XXVII-h.jpg,1932-1933,terrestrial,theodoliet- en bergboussole,4342,4336,4329.4,4322.1,both,"15,9",cell,106.3907964,-2.7497224,106.4743722,-2.8333244,0.000019248,0.000019281,5.0146,5.0161
35-XXVII-i,single,KK 083-04-01/085-04-10_146 - 05978 - 145,144_KK 083-04-01-085-04-10_146 - 05978 - 145.jpg,35-XXVII-i.jpg,1934,terrestrial,bergboussole,4352,4338,4336.4,4324.2,both,"12,10",cell,106.1407791,-2.8330618,106.2244122,-2.9166614,0.000019217,0.000019271,5.0180,5.0160
35-XXVII-ko,composite,KK 083-04-01/085-04-10_147 - 05978 - 146,145_KK 083-04-01-085-04-10_147 - 05978 - 146.jpg,35-XXVII-ko.jpg,1934,terrestrial,bergboussole,4344,5190,4338.0,5176.4,both,"13,10;13,11",top,106.2241355,-2.8331294,106.3075841,-2.9332402,0.000019210,0.000019289,5.0069,6.0066
35-XXVII-l,single,KK 083-04-01/085-04-10_148 - 05978 - 147,146_KK 083-04-01-085-04-10_148 - 05978 - 147.jpg,35-XXVII-l.jpg,1934,terrestrial,bergboussole,4354,4336,4341.5,4326.0,both,"14,10",cell,106.3073422,-2.8331314,106.3909155,-2.9166575,0.000019195,0.000019263,5.0144,5.0116
35-XXVII-m,single,KK 083-04-01/085-04-10_149 - 05978 - 148,147_KK 083-04-01-085-04-10_149 - 05978 - 148.jpg,35-XXVII-m.jpg,1932-1933,terrestrial,theodoliet- en bergboussole,4352,4344,4342.7,4328.3,both,"15,10",cell,106.3907216,-2.8331044,106.4742334,-2.9167403,0.000019189,0.000019253,5.0107,5.0182
35-XXVII-p,single,KK 083-04-01/085-04-10_150 - 05978 - 149,148_KK 083-04-01-085-04-10_150 - 05978 - 149.jpg,35-XXVII-p.jpg,1934,terrestrial,bergboussole,4350,4328,4337.4,4323.2,both,"14,11",cell,106.3073882,-2.9165109,106.3909636,-2.9999369,0.000019213,0.000019276,5.0145,5.0056
35-XXVII-q,single,KK 083-04-01/085-04-10_151 - 05978 - 150,149_KK 083-04-01-085-04-10_151 - 05978 - 150.jpg,35-XXVII-q.jpg,1932-1933,terrestrial,theodoliet- en bergboussole,4336,4330,4318.7,4322.7,both,"15,11",cell,106.3905724,-2.9165011,106.4742396,-2.9999759,0.000019296,0.000019278,5.0200,5.0085
35-XXVIII-d,single,KK 083-04-01/085-04-10_152 - 05978 - 151,150_KK 083-04-01-085-04-10_152 - 05978 - 151.jpg,35-XXVIII-d.jpg,1933,terrestrial,theodoliet- en bergboussole,4338,4328,4331.8,4321.3,both,"15,12",cell,106.3908021,-2.9998153,106.4742547,-3.0832780,0.000019238,0.000019284,5.0072,5.0078
36-XXVI-ie,composite,KK 083-04-01/085-04-10_153 - 05978 - 152,151_KK 083-04-01-085-04-10_153 - 05978 - 152.jpg,36-XXVI-ie.jpg,1932,terrestrial,theodoliet- en bergboussole,4352,4744,4334.1,4737.6,both,"16,6;16,5",bottom,106.4739721,-2.4916975,106.5576496,-2.5832876,0.000019227,0.000019307,5.0207,5.4954
36-XXVI-k,single,KK 083-04-01/085-04-10_154 - 05978 - 153,152_KK 083-04-01-085-04-10_154 - 05978 - 153.jpg,36-XXVI-k.jpg,1932,terrestrial,theodoliet- en bergboussole,4348,4342,4331.7,4326.7,both,"17,6",cell,106.5573053,-2.4997631,106.6409522,-2.5833920,0.000019238,0.000019260,5.0188,5.0177
36-XXVI-l,single,KK 083-04-01/085-04-10_155 - 05978 - 154,153_KK 083-04-01-085-04-10_155 - 05978 - 154.jpg,36-XXVI-l.jpg,1932,terrestrial,theodoliet- en bergboussole,4346,4340,4338.1,4324.5,both,"18,6",cell,106.6407753,-2.4996456,106.7242604,-2.5832779,0.000019210,0.000019270,5.0091,5.0179
36-XXVI-m,single,KK 083-04-01/085-04-10_156 - 05978 - 155,154_KK 083-04-01-085-04-10_156 - 05978 - 155.jpg,36-XXVI-m.jpg,1932,terrestrial,bergboussole,4352,4336,4334.9,4319.8,both,"19,6",cell,106.7239356,-2.4997632,106.8075976,-2.5834092,0.000019224,0.000019291,5.0197,5.0188
36-XXVI-n,single,KK 083-04-01/085-04-10_157 - 05978 - 156,155_KK 083-04-01-085-04-10_157 - 05978 - 156.jpg,36-XXVI-n.jpg,1932-1933,terrestrial,theodoliet- en bergboussole,4344,4334,4317.7,4320.4,both,"16,7",cell,106.4740022,-2.5830689,106.5578431,-2.6666658,0.000019300,0.000019289,5.0305,5.0158
36-XXVI-o,single,KK 083-04-01/085-04-10_158 - 05978 - 157,156_KK 083-04-01-085-04-10_158 - 05978 - 157.jpg,36-XXVI-o.jpg,1933,terrestrial,bergboussole,4382,4366,4375.8,4358.7,both,"17,7",cell,106.5574482,-2.5831760,106.6408996,-2.6666489,0.000019044,0.000019119,5.0071,5.0084
36-XXVI-p,single,KK 083-04-01/085-04-10_159 - 05978 - 158,157_KK 083-04-01-085-04-10_159 - 05978 - 158.jpg,36-XXVI-p.jpg,1933,terrestrial,bergboussole,4384,4372,4374.1,4361.0,both,"18,7",cell,106.6407319,-2.5830937,106.7242539,-2.6666375,0.000019052,0.000019109,5.0113,5.0126
36-XXVI-q,single,KK 083-04-01/085-04-10_160 - 05978 - 159,158_KK 083-04-01-085-04-10_160 - 05978 - 159.jpg,36-XXVI-q.jpg,1932,terrestrial,bergboussole,4392,4366,4378.4,4358.9,both,"19,7",cell,106.7239740,-2.5831779,106.8075662,-2.6666470,0.000019033,0.000019118,5.0155,5.0081
36-XXVII-a,single,KK 083-04-01/085-04-10_161 - 05978 - 160,159_KK 083-04-01-085-04-10_161 - 05978 - 160.jpg,36-XXVII-a.jpg,1932-1933,terrestrial,theodoliet- en bergboussole,4388,4376,4377.7,4360.4,both,"16,8",cell,106.4740558,-2.6663660,106.5575852,-2.7499975,0.000019036,0.000019111,5.0118,5.0179
36-XXVII-b,single,KK 083-04-01/085-04-10_162 - 05978 - 161,160_KK 083-04-01-085-04-10_162 - 05978 - 161.jpg,36-XXVII-b.jpg,1933,terrestrial,bergboussole,4378,4372,4372.9,4358.0,both,"17,8",cell,106.5574710,-2.6663581,106.6409015,-2.7499594,0.000019057,0.000019122,5.0058,5.0161
36-XXVII-c,single,KK 083-04-01/085-04-10_163 - 05978 - 162,161_KK 083-04-01-085-04-10_163 - 05978 - 162.jpg,36-XXVII-c.jpg,1933,terrestrial,bergboussole,4376,4372,4370.5,4359.7,both,"18,8",cell,106.6407986,-2.6663963,106.7242368,-2.7499652,0.000019067,0.000019115,5.0063,5.0141
36-XXVII-e,single,KK 083-04-01/085-04-10_164 - 05978 - 163,162_KK 083-04-01-085-04-10_164 - 05978 - 163.jpg,36-XXVII-e.jpg,1932-1933,terrestrial,theodoliet- en bergboussole,4388,4374,4380.1,4358.0,both,"16,9",cell,106.4740958,-2.7497376,106.5575795,-2.8333766,0.000019025,0.000019122,5.0090,5.0183
36-XXVII-fg,composite,KK 083-04-01/085-04-10_165 - 05978 - 164,163_KK 083-04-01-085-04-10_165 - 05978 - 164.jpg,36-XXVII-fg.jpg,1933,terrestrial,bergboussole,5028,4370,5014.2,4360.0,both,"17,9;18,9",left,106.5573168,-2.7498484,106.6530237,-2.8333729,0.000019035,0.000019113,5.7424,5.0115
36-XXVII-i,single,KK 083-04-01/085-04-10_166 - 05978 - 165,164_KK 083-04-01-085-04-10_166 - 05978 - 165.jpg,36-XXVII-i.jpg,1933,terrestrial,bergboussole,4390,4360,4374.5,4355.6,both,"16,10",cell,106.4739796,-2.8331894,106.5576082,-2.9166069,0.000019050,0.000019132,5.0177,5.0050
36-XXVII-k,single,KK 083-04-01/085-04-10_167 - 05978 - 166,165_KK 083-04-01-085-04-10_167 - 05978 - 166.jpg,36-XXVII-k.jpg,1933,terrestrial,bergboussole,4388,4376,4380.3,4358.0,both,"17,10",cell,106.5574197,-2.8330232,106.6408995,-2.9167004,0.000019025,0.000019122,5.0088,5.0206
36-XXVII-n,single,KK 083-04-01/085-04-10_168 - 05978 - 167,166_KK 083-04-01-085-04-10_168 - 05978 - 167.jpg,36-XXVII-n.jpg,1932-1933,terrestrial,theodoliet- en bergboussole,4386,4364,4378.5,4359.5,both,"16,11",cell,106.4741072,-2.9165227,106.5575833,-2.9999421,0.000019032,0.000019115,5.0086,5.0052
36-XXVII-o,single,KK 083-04-01/085-04-10_169 - 05978 - 168,167_KK 083-04-01-085-04-10_169 - 05978 - 168.jpg,36-XXVII-o.jpg,1932-1933,terrestrial,theodoliet- en bergboussole,4382,4368,4374.3,4359.1,both,"17,11",cell,106.5574539,-2.9165304,106.6409339,-3.0000339,0.000019051,0.000019117,5.0088,5.0102
36-XXVII-p,single,KK 083-04-01/085-04-10_170 - 05978 - 169,168_KK 083-04-01-085-04-10_170 - 05978 - 169.jpg,36-XXVII-p.jpg,1934,terrestrial,bergboussole,4370,4368,4360.1,4358.5,both,"18,11",cell,106.6406800,-2.9164440,106.7242026,-2.9999596,0.000019113,0.000019120,5.0114,5.0109
36-XXVIII-a,single,KK 083-04-01/085-04-10_171 - 05978 - 170,169_KK 083-04-01-085-04-10_171 - 05978 - 170.jpg,36-XXVIII-a.jpg,1932-1933,terrestrial,theodoliet- en bergboussole,4394,4370,4377.5,4358.8,both,"16,12",cell,106.4739359,-2.9997280,106.5575833,-3.0832754,0.000019037,0.000019118,5.0188,5.0128
36-XXVIII-bf,composite,KK 083-04-01/085-04-10_172 - 05978 - 171,170_KK 083-04-01-085-04-10_172 - 05978 - 171.jpg,36-XXVIII-bf.jpg,1932-1934,terrestrial,theodoliet- en bergboussole,4382,5326,4377.0,5305.2,both,"17,12;17,13",top,106.5574729,-2.9995693,106.6409014,-3.1013880,0.000019039,0.000019117,5.0057,6.1091
36-XXVIII-c,single,KK 083-04-01/085-04-10_173 - 05978 - 172,171_KK 083-04-01-085-04-10_173 - 05978 - 172.jpg,36-XXVIII-c.jpg,1934,terrestrial,bergboussole,4388,4380,4378.3,4361.5,both,"18,12",cell,106.6407149,-2.9996879,106.7242329,-3.0833748,0.000019033,0.000019107,5.0111,5.0212
36-XXVIII-dh,composite,KK 083-04-01/085-04-10_174 - 05978 - 173,172_KK 083-04-01-085-04-10_174 - 05978 - 173.jpg,36-XXVIII-dh.jpg,1934,terrestrial,bergboussole,4398,4802,4376.4,4785.9,both,"19,12;19,13",top,106.7239834,-2.9997337,106.8077281,-3.0915475,0.000019042,0.000019120,5.0247,5.5088
36-XXVIII-e,single,KK 083-04-01/085-04-10_175 - 05978 - 174,173_KK 083-04-01-085-04-10_175 - 05978 - 174.jpg,36-XXVIII-e.jpg,1934,terrestrial,bergboussole,4386,4370,4367.9,4363.6,both,"16,13",cell,106.4739030,-3.0831893,106.5575816,-3.1666453,0.000019079,0.000019097,5.0207,5.0074
36-XXVIII-g,single,KK 083-04-01/085-04-10_176 - 05978 - 175,174_KK 083-04-01-085-04-10_176 - 05978 - 175.jpg,36-XXVIII-g.jpg,1934,terrestrial,bergboussole,4394,4370,4380.5,4352.1,both,"18,13",cell,106.6406845,-3.0829468,106.7242747,-3.1666221,0.000019024,0.000019148,5.0154,5.0205
37-XXVI-in,composite,KK 083-04-01/085-04-10_177 - 05978 - 176,175_KK 083-04-01-085-04-10_177 - 05978 - 176.jpg,37-XXVI-in.jpg,1932,terrestrial,bergboussole,4382,4978,4376.4,4956.8,height,"20,6;20,7",top,106.8074977,-2.4996228,106.8909376,-2.5948017,0.000019042,0.000019120,5.0064,5.7107
