sheet_id,kind,crop_w,crop_h,frame_left,frame_right,frame_top,frame_bottom,frame_w,frame_h,aspect
31-XXIV-q,single,4338,4342,1.8,4332.0,3.5,4316.1,4330.2,4312.6,0.9959
31-XXV-dh,composite,4356,4504,1.9,4342.0,2.7,4500.3,4340.0,4497.7,1.0363
32-XXIII-m,single,4352,4340,2.8,4348.3,11.9,4336.2,4345.5,4324.3,0.9951
32-XXIII-p,single,4358,4340,3.5,4354.2,5.9,4333.7,4350.7,4327.8,0.9947
32-XXIII-q,single,4354,4324,1.7,4344.2,0.5,4320.6,4342.6,4320.0,0.9948
32-XXIV-c,single,4360,4328,1.9,4355.2,0.8,4324.4,4353.3,4323.6,0.9932
32-XXIV-d,single,4348,4324,1.4,4339.1,3.6,4321.3,4337.7,4317.7,0.9954
32-XXIV-g,single,4356,4332,2.8,4343.7,4.2,4327.4,4340.9,4323.1,0.9959
32-XXIV-h,single,4352,4338,5.4,4347.3,11.5,4335.2,4341.8,4323.7,0.9958
32-XXIV-k,single,4360,4342,8.2,4354.1,12.5,4336.5,4345.9,4324.0,0.995
32-XXIV-l,single,4356,4330,5.2,4352.6,4.6,4326.1,4347.4,4321.5,0.994
32-XXIV-m,single,4352,4336,1.4,4347.5,8.1,4332.8,4346.1,4324.7,0.9951
32-XXIV-ni,composite,4356,4922,1.5,4342.1,1.4,4914.5,4340.6,4913.1,1.1319
32-XXIV-o,single,4344,4336,8.0,,8.5,4329.6,,4321.1,
32-XXIV-p,single,4348,4338,3.7,4344.0,5.7,4329.2,4340.3,4323.5,0.9961
32-XXIV-q,single,4348,4338,12.1,4344.5,8.0,4331.9,4332.3,4323.9,0.9981
32-XXV-a,single,4356,4328,4.1,4344.4,2.0,4324.0,4340.3,4321.9,0.9958
32-XXV-b,single,4364,4328,10.0,4349.9,9.4,4324.0,4339.9,4314.5,0.9942
32-XXV-c,single,4356,4334,5.4,4350.0,3.9,4330.2,4344.6,4326.3,0.9958
32-XXV-d,single,4364,4342,2.4,4361.5,9.4,4336.1,4359.1,4326.7,0.9926
32-XXV-f,single,4354,4332,5.7,4346.4,2.8,4328.7,4340.7,4325.9,0.9966
32-XXV-g,single,4354,4334,5.9,4348.0,5.5,4326.3,4342.1,4320.8,0.9951
32-XXV-h,single,4356,4326,3.6,4351.6,2.3,4324.0,4348.0,4321.7,0.994
33-XXIII-i,single,4352,4326,1.2,4343.8,1.5,4321.5,4342.6,4320.0,0.9948
33-XXIII-k,single,4356,4324,9.8,4350.2,2.2,4321.3,4340.4,4319.0,0.9951
33-XXIII-l,single,4342,4326,1.5,4334.1,9.9,,4332.6,,
33-XXIII-m,single,4344,4322,,4337.1,3.9,4319.9,,4316.0,
33-XXIII-n,single,4352,4324,2.4,4346.5,7.8,4319.7,4344.1,4311.8,0.9926
33-XXIII-o,single,4350,4326,2.7,4343.6,1.5,4321.7,4340.9,4320.1,0.9952
33-XXIII-p,single,4354,4326,2.5,4346.0,0.9,4323.0,4343.5,4322.1,0.9951
33-XXIII-q,single,4352,4342,4.0,4348.0,6.3,4332.6,4343.9,4326.3,0.9959
33-XXIV-a,single,4356,4340,5.5,4350.5,5.3,4330.8,4345.0,4325.5,0.9955
33-XXIV-b,single,4358,4336,3.9,4349.9,3.9,4331.2,4346.1,4327.4,0.9957
33-XXIV-c,single,4348,4340,0.8,4343.9,10.6,4337.0,4343.1,4326.3,0.9961
33-XXIV-d,single,4358,4336,3.0,4351.2,5.8,4331.5,4348.2,4325.8,0.9948
33-XXIV-e,single,4356,4332,9.7,4352.4,3.9,4328.6,4342.7,4324.7,0.9958
33-XXIV-f,single,4350,4338,0.9,4345.1,12.2,4334.4,4344.2,4322.2,0.9949
33-XXIV-g,single,4342,4334,2.5,4337.3,8.4,4328.8,4334.8,4320.4,0.9967
33-XXIV-h,single,4346,4332,1.7,4342.8,3.8,4328.6,4341.0,4324.8,0.9963
33-XXIV-i,single,4364,4338,5.2,4352.2,6.6,4330.0,4347.0,4323.4,0.9946
33-XXIV-k,single,4346,4336,,4338.8,6.2,4329.9,,4323.6,
33-XXIV-l,single,4348,4334,11.6,4344.3,4.0,4325.7,4332.7,4321.7,0.9975
33-XXIV-m,single,4358,4334,,4341.7,5.8,4330.6,,4324.7,
33-XXIV-n,single,4338,4328,1.5,4329.6,1.3,4324.1,4328.1,4322.8,0.9988
33-XXIV-o,single,4358,4336,,4348.1,12.1,4332.7,,4320.6,
33-XXIV-p,single,4354,4338,1.5,4346.1,12.1,4333.2,4344.6,4321.2,0.9946
33-XXIV-q,single,4342,4332,,4335.7,2.2,4324.0,,4321.7,
33-XXV-ae,composite,4348,5268,1.4,4337.1,13.0,5261.7,4335.7,5248.7,1.2106
33-XXV-b,single,4356,4328,11.6,4350.1,1.2,4323.5,4338.5,4322.3,0.9963
33-XXV-c,single,4350,4330,5.4,4346.1,8.1,4326.5,4340.7,4318.4,0.9949
33-XXV-d,single,4348,4324,1.8,4335.9,5.6,,4334.1,,
33-XXV-f,single,4340,4344,2.0,4332.4,12.1,4338.0,4330.4,4325.9,0.999
33-XXV-g,single,4342,4332,4.1,4337.6,2.8,4326.2,4333.4,4323.4,0.9977
33-XXV-h,single,4336,4332,2.1,4332.1,3.4,4328.4,4330.0,4325.0,0.9988
33-XXV-m,single,4338,4334,8.0,4333.1,11.5,4330.1,4325.1,4318.6,0.9985
33-XXV-q,single,4344,4324,4.0,4333.9,0.7,4316.5,4329.9,4315.8,0.9967
33-XXVI-d,single,4352,4662,5.9,4343.5,8.7,4658.5,4337.6,4649.7,1.072
34-XXIII-ie,composite,4348,4812,1.6,4343.2,10.9,4803.7,4341.7,4792.7,1.1039
34-XXIII-k,single,4352,4338,8.1,,8.2,4333.4,,4325.2,
34-XXIII-l,single,4350,4334,2.4,4345.1,2.7,4329.8,4342.6,4327.1,0.9964
34-XXIII-n,single,4358,4340,5.6,4353.1,4.6,4331.7,4347.5,4327.0,0.9953
34-XXIII-o,single,4350,4334,3.3,4345.7,3.0,4328.6,4342.4,4325.6,0.9961
34-XXIII-p,single,4360,4326,4.1,4346.5,4.1,4318.1,4342.4,4314.1,0.9935
34-XXIV-a,single,4352,4338,2.7,4346.3,3.3,4324.0,4343.6,4320.7,0.9947
34-XXIV-b,single,4342,4338,0.9,4339.4,10.3,4334.9,4338.5,4324.6,0.9968
34-XXIV-cd,composite,6406,4322,5.6,6400.5,12.1,4314.7,6394.9,4302.6,0.6728
34-XXIV-e,single,4348,4340,1.6,4339.5,8.8,4330.0,4337.9,4321.2,0.9961
34-XXIV-f,single,4342,4332,3.2,,2.4,4323.4,,4321.1,
34-XXIV-g,single,4352,4330,2.8,4346.6,2.5,4325.4,4343.7,4322.9,0.9952
34-XXIV-h,single,4342,4328,1.9,4338.0,5.8,4324.7,4336.1,4318.9,0.996
34-XXIV-i,single,4350,4330,1.3,4346.5,2.3,4325.0,4345.3,4322.7,0.9948
34-XXIV-k,single,4352,4330,0.4,4348.3,2.2,4322.3,4347.9,4320.1,0.9936
34-XXIV-l,single,4328,4320,1.8,4315.2,3.7,4313.7,4313.4,4310.0,0.9992
34-XXIV-m,single,4342,4330,2.9,4338.0,1.3,4320.1,4335.1,4318.8,0.9962
34-XXIV-n,single,4360,4332,5.8,4347.7,5.1,4325.4,4341.8,4320.3,0.995
34-XXIV-o,single,4340,4340,1.5,4335.9,9.1,4329.6,4334.4,4320.5,0.9968
34-XXIV-p,single,4358,4336,10.2,4348.2,10.2,4329.8,4338.0,4319.6,0.9957
34-XXIV-q,single,4344,4330,8.4,4313.9,2.7,4325.2,4305.5,4322.5,1.0039
34-XXV-a,single,4356,4332,7.4,4349.2,2.1,4326.1,4341.8,4324.0,0.9959
34-XXV-b,single,4354,4340,2.3,4346.0,8.7,4333.9,4343.7,4325.2,0.9958
34-XXV-c,single,4354,4330,1.5,4349.4,,4325.4,4347.9,,
34-XXV-d,single,4354,4326,10.2,,1.4,4322.7,,4321.3,
34-XXV-e,single,4356,4326,3.1,4352.6,5.4,4319.8,4349.4,4314.4,0.9919
34-XXV-f,single,4362,4318,0.2,4358.6,2.4,4314.4,4358.4,4311.9,0.9893
34-XXV-g,single,4348,4340,2.0,4339.8,9.3,4336.5,4337.9,4327.1,0.9975
34-XXV-h,single,4352,4334,0.9,4347.8,15.7,4329.1,4346.8,4313.4,0.9923
34-XXV-i,single,4338,4338,0.2,4334.5,5.9,4332.6,4334.3,4326.8,0.9983
34-XXV-k,single,4358,4320,1.1,4349.6,1.8,4315.2,4348.4,4313.4,0.9919
34-XXV-l,single,4356,4326,7.9,4347.7,1.9,4320.0,4339.8,4318.1,0.995
34-XXV-m,single,4346,4344,,4334.2,10.4,4338.4,,4328.0,
34-XXV-n,single,4348,4344,3.8,4344.3,6.9,4334.0,4340.5,4327.1,0.9969
34-XXV-o,single,4362,4334,2.5,4353.5,1.5,4326.8,4351.0,4325.4,0.9941
34-XXV-p,single,4354,4326,0.9,4349.4,1.9,4318.5,4348.5,4316.6,0.9927
34-XXV-q,single,4352,4306,1.8,4347.5,2.5,,4345.6,,
34-XXVI-a,single,4342,4322,1.9,4334.4,3.7,4319.6,4332.5,4316.0,0.9962
34-XXVI-b,single,4346,4336,4.6,4339.6,4.2,4328.3,4335.0,4324.1,0.9975
34-XXVI-c,single,4354,4334,,4345.6,7.8,,,,
34-XXVI-d,single,4354,4334,0.7,4348.6,2.9,4329.7,4347.9,4326.8,0.9951
34-XXVI-e,single,4344,4336,5.5,4339.1,7.5,4331.4,4333.6,4323.9,0.9978
34-XXVI-f,single,4344,4334,2.3,4340.0,5.8,4329.8,4337.7,4324.1,0.9969
34-XXVI-g,single,4368,4346,10.4,4356.5,12.0,4338.0,4346.1,4326.1,0.9954
34-XXVI-h,single,4350,4334,3.7,4345.7,1.6,4328.3,4342.1,4326.7,0.9965
34-XXVI-k,single,4350,4334,,,1.9,4203.9,,4202.1,
34-XXVI-l,single,4360,4336,7.8,4348.1,4.4,4326.1,4340.3,4321.7,0.9957
34-XXVI-m,single,4350,4336,10.8,4346.1,3.2,4326.4,4335.3,4323.2,0.9972
34-XXVI-on,composite,4756,4338,1.4,4749.6,12.1,4334.8,4748.1,4322.7,0.9104
34-XXVI-p,single,4342,4336,0.2,4338.2,2.4,4330.4,4338.0,4328.0,0.9977
34-XXVI-q,single,4350,4330,7.6,4346.3,6.2,4327.1,4338.7,4320.8,0.9959
34-XXVII-b,single,4340,4328,1.4,4334.1,1.6,4325.0,4332.7,4323.4,0.9979
34-XXVII-c,single,4330,4324,0.3,4326.4,1.8,4319.6,4326.1,4317.8,0.9981
34-XXVII-d,single,4350,4334,6.2,,4.3,4329.6,,4325.3,
34-XXVII-f,single,4346,4332,3.3,4341.2,1.4,4327.3,4337.9,4325.9,0.9972
34-XXVII-g,single,4338,4524,2.8,4334.0,6.0,4519.2,4331.2,4513.2,1.042
34-XXVII-h,single,4360,4344,1.8,4354.7,1.5,4330.8,4352.9,4329.3,0.9946
34-XXVII-m,single,4354,4344,1.8,4342.4,7.5,4338.3,4340.6,4330.9,0.9978
35-XXIV-i,single,4346,4342,1.5,4342.6,13.5,4336.5,4341.1,4323.0,0.9958
35-XXIV-n,single,4348,4328,52.2,4339.0,1.5,4324.8,4286.8,4323.2,1.0085
35-XXV-a,single,4358,4330,1.9,4346.1,1.0,4325.8,4344.2,4324.7,0.9955
35-XXV-e,single,4336,4330,1.3,4331.4,2.1,4324.4,4330.1,4322.3,0.9982
35-XXV-i,single,4342,4336,3.6,4338.5,9.5,4332.6,4334.9,4323.1,0.9973
35-XXV-n,single,4352,4334,16.2,4348.5,6.1,4328.8,4332.3,4322.7,0.9978
35-XXV-o,single,4358,4324,16.0,4348.0,1.6,4320.8,4332.0,4319.2,0.997
35-XXVI-a,single,4346,4334,2.2,4338.0,8.1,4330.7,4335.7,4322.6,0.997
35-XXVI-b,single,4352,4334,1.6,4346.4,3.7,4329.7,4344.8,4326.0,0.9957
35-XXVI-e,single,4352,4330,1.6,4337.9,,4320.1,4336.2,,
35-XXVI-f,single,4354,4344,8.6,4350.7,6.5,4332.5,4342.0,4326.0,0.9963
35-XXVI-g,single,4330,4352,1.0,4327.6,4.1,4333.4,4326.6,4329.3,1.0006
35-XXVI-h,single,4354,4330,10.4,4349.7,0.9,4322.2,4339.3,4321.4,0.9959
35-XXVI-i,single,4356,4340,10.8,4350.4,5.4,4330.2,4339.6,4324.8,0.9966
35-XXVI-k,single,4346,4344,13.8,4339.7,14.0,4334.2,4325.9,4320.2,0.9987
35-XXVI-l,single,4348,4330,2.6,4344.7,1.4,4320.0,4342.1,4318.6,0.9946
35-XXVI-m,single,4344,4338,0.8,4341.0,4.2,4331.1,4340.2,4327.0,0.9969
35-XXVI-n,single,4354,4342,4.0,4343.6,7.8,4332.0,4339.6,4324.2,0.9965
35-XXVI-o,single,4356,4328,4.4,4348.2,1.5,4323.8,4343.8,4322.3,0.9951
35-XXVI-p,single,4342,4334,2.7,4338.0,5.2,4329.5,4335.3,4324.2,0.9974
35-XXVI-q,single,4352,4328,7.6,4347.3,1.2,4325.0,4339.7,4323.8,0.9963
35-XXVII-a,single,4346,4322,1.9,4341.2,,4318.3,4339.3,,
35-XXVII-b,single,4338,4330,1.0,4334.4,,,4333.4,,
35-XXVII-c,single,4342,4338,8.3,4338.2,4.3,4328.3,4329.9,4324.0,0.9986
35-XXVII-d,single,4348,4330,2.4,4343.5,5.5,4326.2,4341.1,4320.8,0.9953
35-XXVII-e,single,4346,4330,3.2,4341.0,1.4,4326.6,4337.8,4325.2,0.9971
35-XXVII-f,single,4350,4340,3.5,4343.9,3.6,4334.8,4340.4,4331.3,0.9979
35-XXVII-g,single,4338,4350,1.8,4333.0,16.4,4339.7,4331.2,4323.3,0.9982
35-XXVII-h,single,4342,4336,1.8,4331.2,8.1,4330.2,4329.4,4322.1,0.9983
35-XXVII-i,single,4352,4338,2.7,4339.1,7.8,4332.0,4336.4,4324.2,0.9972
35-XXVII-ko,composite,4344,5190,1.5,4339.5,4.3,5180.7,4338.0,5176.4,1.1933
35-XXVII-l,single,4354,4336,8.1,4349.6,4.2,4330.2,4341.5,4326.0,0.9964
35-XXVII-m,single,4352,4344,5.7,4348.4,5.6,4333.9,4342.7,4328.3,0.9967
35-XXVII-p,single,4350,4328,5.7,4343.1,1.8,4325.0,4337.4,4323.2,0.9967
35-XXVII-q,single,4336,4330,13.4,4332.1,2.3,4325.0,4318.7,4322.7,1.0009
35-XXVIII-d,single,4338,4328,1.5,4333.3,3.3,4324.6,4331.8,4321.3,0.9976
36-XXVI-ie,composite,4352,4744,10.0,4344.1,2.5,4740.1,4334.2,4737.6,1.0931
36-XXVI-k,single,4348,4342,10.0,4341.7,6.0,4332.7,4331.7,4326.7,0.9988
36-XXVI-l,single,4346,4340,2.9,4341.0,12.1,4336.6,4338.1,4324.5,0.9969
36-XXVI-m,single,4352,4336,11.9,4346.8,6.0,4325.8,4334.9,4319.8,0.9965
36-XXVI-n,single,4344,4334,8.4,4326.1,7.4,4327.8,4317.7,4320.4,1.0006
36-XXVI-o,single,4382,4366,2.6,4378.4,1.9,4360.6,4375.8,4358.7,0.9961
36-XXVI-p,single,4384,4372,5.2,4379.3,6.2,4367.2,4374.1,4361.1,0.997
36-XXVI-q,single,4392,4366,10.0,4388.4,1.8,4360.7,4378.4,4358.9,0.9955
36-XXVII-a,single,4388,4376,5.7,4383.4,9.4,4369.8,4377.6,4360.4,0.9961
36-XXVII-b,single,4378,4372,1.4,4374.3,9.8,4367.8,4372.9,4358.0,0.9966
36-XXVII-c,single,4376,4372,1.7,4372.2,7.8,4367.5,4370.5,4359.7,0.9975
36-XXVII-e,single,4388,4374,3.6,4383.7,7.4,4365.4,4380.1,4358.0,0.995
36-XXVII-fg,composite,5028,4370,9.5,5023.7,1.6,4361.6,5014.3,4360.0,0.8695
36-XXVII-i,single,4390,4360,9.7,4384.2,1.2,4356.8,4374.5,4355.6,0.9957
36-XXVII-k,single,4388,4376,4.1,4384.4,9.9,4367.9,4380.3,4358.1,0.9949
36-XXVII-n,single,4386,4364,3.0,4381.5,1.2,4360.7,4378.5,4359.4,0.9956
36-XXVII-o,single,4382,4368,2.3,4376.6,0.8,4359.9,4374.3,4359.1,0.9965
36-XXVII-p,single,4370,4368,7.9,4368.0,5.3,4363.8,4360.1,4358.5,0.9996
36-XXVIII-a,single,4394,4370,12.0,4389.5,7.9,4366.7,4377.5,4358.8,0.9957
36-XXVIII-bf,composite,4382,5326,1.3,4378.3,16.2,5321.4,4377.0,5305.2,1.212
36-XXVIII-c,single,4388,4380,6.1,4384.4,10.0,4371.5,4378.4,4361.5,0.9961
36-XXVIII-dh,composite,4398,4802,9.5,4385.9,7.6,4793.5,4376.4,4785.9,1.0936
36-XXVIII-e,single,4386,4370,13.7,4381.6,1.2,4364.8,4367.9,4363.5,0.999
36-XXVIII-g,single,4394,4370,7.7,4388.2,13.9,4366.0,4380.5,4352.1,0.9935
37-XXVI-in,composite,4382,4978,,4376.4,13.4,4970.2,,4956.8,
