image_idx,sheet_id,old_crop,dx_px,dy_px,confidence
0,31-XXIV-q,crop_000.jpg,8.0,8.0,0.998
1,31-XXV-dh,crop_001.jpg,13.5,30.2,0.992
2,32-XXIII-m,crop_002.jpg,-0.0,-0.0,1.0
3,32-XXIII-p,crop_003.jpg,16.9,0.1,0.986
4,32-XXIII-q,crop_004.jpg,-0.0,-4.0,0.994
5,32-XXIV-c,crop_005.jpg,-0.0,-8.0,0.999
6,32-XXIV-d,crop_006.jpg,8.9,22.3,0.992
7,32-XXIV-g,crop_007.jpg,0.0,0.0,1.0
8,32-XXIV-h,crop_008.jpg,-5.5,-5.2,0.989
9,32-XXIV-k,crop_009.jpg,-4.0,-8.0,0.994
10,32-XXIV-l,crop_010.jpg,4.3,13.1,0.987
11,32-XXIV-m,crop_011.jpg,-4.3,-5.8,1.005
12,32-XXIV-ni,crop_012.jpg,-14.2,-0.2,0.987
13,32-XXIV-o,crop_013.jpg,17.6,10.7,0.982
14,32-XXIV-p,crop_014.jpg,4.3,4.3,0.992
15,32-XXIV-q,crop_015.jpg,0.0,3.7,0.997
16,32-XXV-a,crop_016.jpg,5.3,5.2,0.989
17,32-XXV-b,crop_017.jpg,-3.9,4.8,0.988
18,32-XXV-c,crop_018.jpg,0.0,0.0,1.0
19,32-XXV-d,crop_019.jpg,3.5,17.6,0.984
20,32-XXV-f,crop_020.jpg,16.6,-33.7,0.986
21,32-XXV-g,crop_021.jpg,-4.5,-0.1,0.981
22,32-XXV-h,crop_022.jpg,1.6,9.7,0.992
23,33-XXIII-i,crop_023.jpg,-0.0,-13.1,0.989
24,33-XXIII-k,crop_024.jpg,8.0,8.0,0.999
25,33-XXIII-l,crop_025.jpg,-13.7,3.6,1.015
26,33-XXIII-m,crop_026.jpg,13.1,7.9,0.981
27,33-XXIII-n,crop_027.jpg,-4.1,22.1,0.983
28,33-XXIII-o,crop_028.jpg,17.0,-28.7,0.983
29,33-XXIII-p,crop_029.jpg,16.8,-30.2,0.971
30,33-XXIII-q,crop_030.jpg,8.0,13.3,0.99
31,33-XXIV-a,crop_031.jpg,13.1,24.9,0.994
32,33-XXIV-b,crop_032.jpg,-0.7,10.6,1.005
33,33-XXIV-c,crop_033.jpg,13.3,-16.8,0.988
34,33-XXIV-d,crop_034.jpg,16.8,21.2,0.982
35,33-XXIV-e,crop_035.jpg,-52.4,24.7,0.989
36,33-XXIV-f,crop_036.jpg,0.1,13.0,0.99
37,33-XXIV-g,crop_037.jpg,5.2,21.9,0.992
38,33-XXIV-h,crop_038.jpg,-5.2,-4.4,1.0
39,33-XXIV-i,crop_039.jpg,-0.0,13.0,0.988
40,33-XXIV-k,crop_040.jpg,-0.0,16.8,0.996
41,33-XXIV-l,crop_041.jpg,4.3,-4.2,1.007
42,33-XXIV-m,crop_042.jpg,-5.1,-0.1,1.019
43,33-XXIV-n,crop_043.jpg,-0.0,0.0,1.0
44,33-XXIV-o,crop_044.jpg,3.6,16.7,0.993
45,33-XXIV-p,crop_045.jpg,-21.2,12.9,1.004
46,33-XXIV-q,crop_046.jpg,3.8,-5.9,1.005
47,33-XXV-ae,crop_047.jpg,-40.1,14.7,0.988
48,33-XXV-b,crop_048.jpg,3.6,-3.6,1.0
49,33-XXV-c,crop_049.jpg,-3.7,12.6,0.997
50,33-XXV-d,crop_050.jpg,8.0,-13.1,0.99
51,33-XXV-f,crop_051.jpg,-11.9,21.1,0.979
52,33-XXV-g,crop_052.jpg,-0.0,-0.0,1.0
53,33-XXV-h,crop_053.jpg,0.0,21.3,1.003
54,33-XXV-m,crop_054.jpg,16.9,16.9,0.988
55,33-XXV-q,crop_055.jpg,-0.0,8.7,0.986
56,33-XXVI-d,crop_056.jpg,16.6,19.2,1.001
57,34-XXIII-ie,crop_057.jpg,8.0,-4.8,0.995
58,34-XXIII-k,crop_058.jpg,4.9,21.4,0.974
59,34-XXIII-l,crop_059.jpg,-12.8,-12.6,0.966
60,34-XXIII-n,crop_060.jpg,-5.1,-0.0,1.004
61,34-XXIII-o,crop_061.jpg,-0.0,-0.0,1.0
62,34-XXIII-p,crop_062.jpg,-3.8,8.0,0.992
63,34-XXIV-a,crop_063.jpg,13.1,-1.1,1.011
64,34-XXIV-b,crop_064.jpg,3.7,0.0,1.011
65,34-XXIV-cd,crop_065.jpg,15.9,-24.9,0.994
66,34-XXIV-e,crop_066.jpg,0.0,22.0,0.995
67,34-XXIV-f,crop_067.jpg,-8.9,-3.9,0.993
68,34-XXIV-g,crop_068.jpg,-0.0,-0.0,1.0
69,34-XXIV-h,crop_069.jpg,-16.8,0.0,0.994
70,34-XXIV-i,crop_070.jpg,3.9,-0.0,1.008
71,34-XXIV-k,crop_071.jpg,-4.5,7.9,0.999
72,34-XXIV-l,crop_072.jpg,-16.8,-13.0,0.986
73,34-XXIV-m,crop_073.jpg,0.0,3.7,0.997
74,34-XXIV-n,crop_074.jpg,-16.9,-0.0,0.999
75,34-XXIV-o,crop_075.jpg,5.0,21.1,0.995
76,34-XXIV-p,crop_076.jpg,13.2,4.0,1.002
77,34-XXIV-q,crop_077.jpg,16.9,-4.8,0.981
78,34-XXV-a,crop_078.jpg,8.7,3.9,0.986
79,34-XXV-b,crop_079.jpg,0.0,-0.0,1.0
80,34-XXV-c,crop_080.jpg,4.2,5.2,0.999
81,34-XXV-d,crop_081.jpg,0.0,0.0,1.0
82,34-XXV-e,crop_082.jpg,-0.8,-8.0,0.999
83,34-XXV-f,crop_083.jpg,16.8,8.8,0.993
84,34-XXV-g,crop_084.jpg,3.7,17.9,0.979
85,34-XXV-h,crop_085.jpg,8.1,12.0,0.992
86,34-XXV-i,crop_086.jpg,11.2,-42.3,0.973
87,34-XXV-k,crop_087.jpg,4.5,-2.9,1.007
88,34-XXV-l,crop_088.jpg,-0.1,-3.9,0.993
89,34-XXV-m,crop_089.jpg,8.0,25.0,0.997
90,34-XXV-n,crop_090.jpg,0.0,-0.0,1.0
91,34-XXV-o,crop_091.jpg,8.0,-5.2,1.004
92,34-XXV-p,crop_092.jpg,-0.0,1.7,0.998
93,34-XXV-q,crop_093.jpg,3.5,16.8,0.984
94,34-XXVI-a,crop_094.jpg,-0.0,25.8,0.983
95,34-XXVI-b,crop_095.jpg,-0.0,8.8,0.996
96,34-XXVI-c,crop_096.jpg,0.0,3.9,0.993
97,34-XXVI-d,crop_097.jpg,-0.0,0.0,1.0
98,34-XXVI-e,crop_098.jpg,-6.1,0.2,0.975
99,34-XXVI-f,crop_099.jpg,-4.7,-5.5,0.977
100,34-XXVI-g,crop_100.jpg,-0.0,-0.0,1.0
101,34-XXVI-h,crop_101.jpg,8.0,0.0,0.999
102,34-XXVI-k,crop_102.jpg,-0.0,-8.0,0.999
103,34-XXVI-l,crop_103.jpg,-0.0,-3.9,1.002
104,34-XXVI-m,crop_104.jpg,0.0,-0.0,1.0
105,34-XXVI-on,crop_105.jpg,16.8,-0.0,0.999
106,34-XXVI-p,crop_106.jpg,-8.0,-4.0,0.999
107,34-XXVI-q,crop_107.jpg,-0.8,0.0,0.998
108,34-XXVII-b,crop_108.jpg,2.8,-8.2,0.999
109,34-XXVII-c,crop_109.jpg,-21.3,-0.0,1.0
110,34-XXVII-d,crop_110.jpg,13.4,17.9,0.994
111,34-XXVII-f,crop_111.jpg,8.8,-5.3,0.991
112,34-XXVII-g,crop_112.jpg,-9.6,25.6,0.986
113,34-XXVII-h,crop_113.jpg,0.0,0.0,1.0
114,34-XXVII-m,crop_114.jpg,0.1,24.9,0.994
115,35-XXIV-i,crop_115.jpg,17.0,22.0,0.994
116,35-XXIV-n,crop_116.jpg,-0.0,8.0,0.998
117,35-XXV-a,crop_117.jpg,-33.7,0.1,0.989
118,35-XXV-e,crop_118.jpg,0.0,8.0,1.0
119,35-XXV-i,crop_119.jpg,3.7,-13.2,0.991
120,35-XXV-n,crop_120.jpg,5.3,16.9,0.991
121,35-XXV-o,crop_121.jpg,3.3,0.0,0.96
122,35-XXVI-a,crop_122.jpg,8.8,17.0,0.993
123,35-XXVI-b,crop_123.jpg,17.1,12.6,1.003
124,35-XXVI-e,crop_124.jpg,8.1,4.5,0.98
125,35-XXVI-f,crop_125.jpg,-0.9,0.1,0.997
126,35-XXVI-g,crop_126.jpg,21.8,19.2,0.986
127,35-XXVI-h,crop_127.jpg,-4.1,0.1,0.981
128,35-XXVI-i,crop_128.jpg,13.3,4.2,0.998
129,35-XXVI-k,crop_129.jpg,5.0,25.0,0.999
130,35-XXVI-l,crop_130.jpg,11.5,8.8,0.99
131,35-XXVI-m,crop_131.jpg,13.2,17.0,0.992
132,35-XXVI-n,crop_132.jpg,21.1,-0.0,1.005
133,35-XXVI-o,crop_133.jpg,7.9,18.0,0.989
134,35-XXVI-p,crop_134.jpg,8.0,20.6,0.996
135,35-XXVI-q,crop_135.jpg,-8.0,-0.0,0.999
136,35-XXVII-a,crop_136.jpg,3.8,-3.8,0.997
137,35-XXVII-b,crop_137.jpg,-0.0,-0.0,1.0
138,35-XXVII-c,crop_138.jpg,5.2,12.9,0.99
139,35-XXVII-d,crop_139.jpg,5.2,17.0,0.986
140,35-XXVII-e,crop_140.jpg,-13.3,-0.1,0.989
141,35-XXVII-f,crop_141.jpg,5.4,25.0,0.984
142,35-XXVII-g,crop_142.jpg,-3.5,16.9,0.991
143,35-XXVII-h,crop_143.jpg,8.1,21.2,0.996
144,35-XXVII-i,crop_144.jpg,13.5,22.0,0.972
145,35-XXVII-ko,crop_145.jpg,-54.0,-43.9,0.969
146,35-XXVII-l,crop_146.jpg,16.8,21.4,0.979
147,35-XXVII-m,crop_147.jpg,22.3,16.9,0.987
148,35-XXVII-p,crop_148.jpg,8.0,16.9,0.991
149,35-XXVII-q,crop_149.jpg,-13.3,-0.1,0.989
150,35-XXVIII-d,crop_150.jpg,8.0,11.8,0.983
151,36-XXVI-ie,crop_151.jpg,17.7,-32.0,0.988
152,36-XXVI-k,crop_152.jpg,3.6,17.0,0.992
153,36-XXVI-l,crop_153.jpg,9.0,0.1,0.996
154,36-XXVI-m,crop_154.jpg,4.1,0.0,0.994
155,36-XXVI-n,crop_155.jpg,13.1,12.9,1.002
156,36-XXVI-o,crop_156.jpg,3.8,0.1,1.011
157,36-XXVI-p,crop_157.jpg,16.8,22.1,0.985
158,36-XXVI-q,crop_158.jpg,0.0,0.0,1.0
159,36-XXVII-a,crop_159.jpg,-5.5,3.7,0.991
160,36-XXVII-b,crop_160.jpg,0.1,22.4,0.985
161,36-XXVII-c,crop_161.jpg,0.0,22.3,0.991
162,36-XXVII-e,crop_162.jpg,-17.6,-3.9,0.99
163,36-XXVII-fg,crop_163.jpg,47.5,0.1,0.973
164,36-XXVII-i,crop_164.jpg,-13.4,-8.9,0.981
165,36-XXVII-k,crop_165.jpg,-16.7,16.8,0.987
166,36-XXVII-n,crop_166.jpg,-3.8,-0.0,0.994
167,36-XXVII-o,crop_167.jpg,-34.5,-3.6,0.971
168,36-XXVII-p,crop_168.jpg,-13.0,-0.0,1.004
169,36-XXVIII-a,crop_169.jpg,0.0,0.0,1.0
170,36-XXVIII-bf,crop_170.jpg,-17.7,4.9,0.992
171,36-XXVIII-c,crop_171.jpg,-8.9,3.9,0.992
172,36-XXVIII-dh,crop_172.jpg,-7.5,23.0,0.978
173,36-XXVIII-e,crop_173.jpg,0.0,0.0,1.0
174,36-XXVIII-g,crop_174.jpg,-8.3,3.6,0.977
175,37-XXVI-in,crop_175.jpg,-0.0,65.8,0.978
